ticker,episode_id,first_flagged_at_utc,last_flagged_at_utc,n_flags,reasons_seen,mentions_24h,authors_24h,baseline_mean,z,hype_docs_24h,peak_mentions,peak_z,exchange,name,stocktwits_rank,examples
AMD,AMD-20261006T145548Z,2026-10-06T14:55:48Z,2026-10-06T19:21:08Z,22,mention_spike,120,102,30.43,4.52,0,120,4.522,Nasdaq,"Advanced Micro Devices, Inc. - Common Stock",1,https://www.reddit.com/r/wallstreetbets/comments/1wz83mm/
APLD,APLD-20261005T142311Z,2026-10-05T14:23:11Z,2026-10-06T19:21:08Z,124,mention_spike,42,25,15.71,2.91,1,46,5.475,Nasdaq,Applied Digital Corporation - Common Stock,,https://www.reddit.com/r/wallstreetbets/comments/1wyj9yn/
CEG,CEG-20261006T133604Z,2026-10-06T13:36:04Z,2026-10-06T19:21:08Z,28,mention_spike,26,17,2.14,7.49,0,26,8.725,Nasdaq,Constellation Energy Corporation - Common Stock When-Issued,13,https://www.reddit.com/r/wallstreetbets/comments/1wyyns2/comment/pe9tgj0/
CIRC,CIRC-20261006T172144Z,2026-10-06T17:21:44Z,2026-10-06T19:21:08Z,10,mention_spike,11,5,0.57,10.43,1,11,10.429,Nasdaq,"Circle8 Group, Inc. - Common Stock",,https://www.reddit.com/r/smallstreetbets/comments/1wyrpw0/
CRWV,CRWV-20261006T134951Z,2026-10-06T13:49:51Z,2026-10-06T19:21:08Z,27,mention_spike,11,10,3.86,3.38,0,11,3.376,Nasdaq,"CoreWeave, Inc. - Class A Common Stock",,https://www.reddit.com/r/wallstreetbets/comments/1wyj28g/comment/pe9s9pk/
HTZ,HTZ-20261006T164306Z,2026-10-06T16:43:06Z,2026-10-06T19:21:08Z,13,mention_spike,85,45,3.0,29.61,0,85,30.237,Nasdaq,"Hertz Global Holdings, Inc - Common Stock",,https://www.reddit.com/r/wallstreetbets/comments/1wzasrs/
INFQ,INFQ-20261006T164306Z,2026-10-06T16:43:06Z,2026-10-06T19:21:08Z,13,mention_spike,18,5,2.29,7.35,0,20,13.249,NYSE,"Infleqtion, Inc. Common Stock",,https://www.reddit.com/r/wallstreetbets/comments/1wz6p9j/
INTC,INTC-20261006T182821Z,2026-10-06T18:28:21Z,2026-10-06T19:21:08Z,5,mention_spike,32,25,16.14,2.09,0,32,2.086,Nasdaq,Intel Corporation - Common Stock,,https://www.reddit.com/r/wallstreetbets/comments/1wyk0r6/
MRVL,MRVL-20261006T133604Z,2026-10-06T13:36:04Z,2026-10-06T19:21:08Z,28,mention_spike,52,41,7.0,12.32,0,53,14.035,Nasdaq,"Marvell Technology, Inc. - Common Stock",14,https://www.reddit.com/r/wallstreetbets/comments/1wz1ma5/
MSTR,MSTR-20261006T081750Z,2026-10-06T08:17:50Z,2026-10-06T19:21:08Z,52,mention_spike,16,15,6.14,2.05,0,20,3.66,Nasdaq,Strategy Inc - Class A Common Stock,,https://www.reddit.com/r/wallstreetbets/comments/1wyqxxo/
OKLO,OKLO-20261006T181453Z,2026-10-06T18:14:53Z,2026-10-06T19:21:08Z,6,mention_spike,18,12,3.57,5.35,0,18,6.248,NYSE,Oklo Inc. Class A common stock,,https://www.reddit.com/r/wallstreetbets/comments/1wzagtq/
PENG,PENG-20261006T180149Z,2026-10-06T18:01:49Z,2026-10-06T19:21:08Z,7,mention_spike,23,12,0.43,22.57,1,23,22.571,Nasdaq,"Penguin Solutions, Inc. - Common Stock",6,https://www.reddit.com/r/wallstreetbets/comments/1wyyns2/comment/pea638h/
QCOM,QCOM-20261005T211417Z,2026-10-05T21:14:17Z,2026-10-06T19:21:08Z,88,mention_spike,10,9,1.71,5.17,0,13,9.681,Nasdaq,QUALCOMM Incorporated - Common Stock,,https://www.reddit.com/r/wallstreetbets/comments/1wyyns2/comment/pe814jl/
SPCX,SPCX-20261005T145105Z,2026-10-05T14:51:05Z,2026-10-06T19:21:08Z,122,mention_spike,170,104,42.43,3.51,0,225,15.902,Nasdaq,Space Exploration Technologies Corp. - Class A Common Stock,,https://www.reddit.com/r/wallstreetbets/comments/1wza1qu/
VST,VST-20261005T041528Z,2026-10-05T04:15:28Z,2026-10-06T19:21:08Z,98,mention_spike,48,26,12.71,2.25,0,48,7.345,NYSE,Vistra Corp. Common Stock,7,https://www.reddit.com/r/wallstreetbets/comments/1wyyns2/comment/pe9r4oc/
SKHY,SKHY-20261006T185459Z,2026-10-06T18:54:59Z,2026-10-06T19:07:57Z,2,mention_spike,11,8,4.86,1.9,0,11,2.07,Nasdaq,SK hynix Inc. - American Depositary Shares,21,https://www.reddit.com/r/wallstreetbets/comments/1wyrwmk/
VOO,VOO-20261006T161553Z,2026-10-06T16:15:53Z,2026-10-06T19:07:57Z,14,mention_spike,18,16,10.29,2.0,0,19,2.615,NYSE Arca,Vanguard S&P 500 ETF,,https://www.reddit.com/r/wallstreetbets/comments/1wyyns2/comment/pea5o7k/
MRNA,MRNA-20261006T140251Z,2026-10-06T14:02:51Z,2026-10-06T18:41:25Z,23,mention_spike,21,21,8.86,1.6,0,29,3.184,Nasdaq,"Moderna, Inc. - Common Stock",,https://www.reddit.com/r/wallstreetbets/comments/1wyyns2/comment/pe91scd/
NVDA,NVDA-20261006T140251Z,2026-10-06T14:02:51Z,2026-10-06T18:41:25Z,23,mention_spike,121,101,66.0,1.47,0,152,2.483,Nasdaq,NVIDIA Corporation - Common Stock,3,https://www.reddit.com/r/wallstreetbets/comments/1wz9x82/
SPY,SPY-20261006T170839Z,2026-10-06T17:08:39Z,2026-10-06T18:28:21Z,7,mention_spike,377,198,195.57,1.71,1,399,2.033,NYSE Arca,State Street SPDR S&P 500 ETF Trust,,https://www.reddit.com/r/smallstreetbets/comments/1wz5c6o/
NVAX,NVAX-20261006T134951Z,2026-10-06T13:49:51Z,2026-10-06T18:14:53Z,22,mention_spike,5,3,0.71,2.27,0,10,10.0,Nasdaq,"Novavax, Inc. - Common Stock",,https://www.reddit.com/r/wallstreetbets/comments/1wyosue/
QQQ,QQQ-20261006T114943Z,2026-10-06T11:49:43Z,2026-10-06T18:14:53Z,31,mention_spike,163,90,87.14,1.79,0,188,2.597,Nasdaq,"Invesco QQQ Trust, Series 1",19,https://www.reddit.com/r/wallstreetbets/comments/1wyl1kk/
IWM,IWM-20261006T005958Z,2026-10-06T00:59:58Z,2026-10-06T18:01:49Z,49,mention_spike,13,11,7.29,1.46,0,16,3.584,NYSE Arca,iShares Russell 2000 Index Fund,9,https://www.reddit.com/r/wallstreetbets/comments/1wyyns2/comment/pe9n8lj/
NOK,NOK-20261006T154900Z,2026-10-06T15:49:00Z,2026-10-06T18:01:49Z,12,mention_spike,8,5,2.0,3.67,0,11,5.487,NYSE,Nokia Corporation Sponsored American Depositary Shares,,https://www.reddit.com/r/wallstreetbets/comments/1wyyns2/comment/pe9ahb0/
VEEA,VEEA-20261005T153302Z,2026-10-05T15:33:02Z,2026-10-06T18:01:49Z,98,mention_spike,16,9,6.43,1.25,0,24,4.001,Nasdaq,Veea Inc. - Common Stock,,https://www.reddit.com/r/pennystocks/comments/1wyszlu/comment/pe9qlen/
ALEC,ALEC-20261005T234112Z,2026-10-05T23:41:12Z,2026-10-06T16:43:06Z,78,mention_spike,9,3,0.86,3.59,0,11,11.0,Nasdaq,"Alector, Inc. - Common Stock",,https://www.reddit.com/r/pennystocks/comments/1wyszlu/comment/pe9m126/
GME,GME-20261005T162454Z,2026-10-05T16:24:54Z,2026-10-06T16:04:36Z,100,mention_spike,14,12,8.14,0.62,0,28,4.644,NYSE,GameStop Corporation Common Stock,,https://www.reddit.com/r/wallstreetbets/comments/1wyy6hz/
MSFT,MSFT-20261005T211417Z,2026-10-05T21:14:17Z,2026-10-06T13:36:04Z,74,mention_spike,32,26,21.57,0.71,0,51,3.565,Nasdaq,Microsoft Corporation - Common Stock,,https://www.reddit.com/r/wallstreetbets/comments/1wyyns2/comment/pea4sgg/
TSM,TSM-20261005T151858Z,2026-10-05T15:18:58Z,2026-10-06T13:36:04Z,93,mention_spike,4,4,5.86,-0.42,0,17,5.494,NYSE,Taiwan Semiconductor Manufacturing Company Ltd.,,https://www.reddit.com/r/wallstreetbets/comments/1wyyns2/comment/pe98cw5/
DRTS,DRTS-20261004T232358Z,2026-10-04T23:23:58Z,2026-10-06T07:38:40Z,131,mention_spike,4,4,4.0,0.0,0,24,15.057,Nasdaq,Alpha Tau Medical Ltd. - Ordinary Shares,,https://www.reddit.com/r/wallstreetbets/comments/1wyyns2/comment/pe9o0nz/
IREN,IREN-20261005T174934Z,2026-10-05T17:49:34Z,2026-10-06T04:06:22Z,12,mention_spike,4,4,5.71,-0.49,0,12,2.752,Nasdaq,IREN Limited - Ordinary Shares,,https://www.reddit.com/r/wallstreetbets/comments/1wyyns2/comment/pe8i5zp/
PMI,PMI-20261005T135516Z,2026-10-05T13:55:16Z,2026-10-06T03:26:36Z,53,mention_spike,0,0,,,0,15,7.487,NYSE American,"Picard Medical, Inc. Common Stock",,
DELL,DELL-20261005T163855Z,2026-10-05T16:38:55Z,2026-10-06T00:40:12Z,29,mention_spike,5,3,6.57,-0.33,0,14,2.63,NYSE,Dell Technologies Inc. Class C Common Stock,,https://www.reddit.com/r/wallstreetbets/comments/1wyyns2/comment/pe92l5t/
SDEV,SDEV-20261005T140916Z,2026-10-05T14:09:16Z,2026-10-06T00:40:12Z,40,mention_spike,5,5,7.86,-0.41,0,20,2.802,NYSE American,Stablecoin Development Corporation Common Stock,,https://www.reddit.com/r/pennystocks/comments/1wz4rhh/
