snapshot_id,technical_version,computed_at_utc,universe_date,vwap_ext,off_high,mins_since_high,gap_open,ret_60m,vol_60m_rel,max_ret_20d,up_streak,run_up,atr_stretch,ssr_today,runners_breadth
DRTS-20261004T232358Z,technical-v1,2026-10-07T17:33:19Z,2026-10-02,,,,,,,0.0343879,1,0.0179187,-0.129458,0,21
DRTS-20261004T232358Z/BCSF,technical-v1,2026-10-07T17:33:19Z,2026-10-02,,,,,,,0.0198556,0,0.000905797,-0.825434,0,21
DRTS-20261004T232358Z/NCNO,technical-v1,2026-10-07T17:33:19Z,2026-10-02,,,,,,,0.0672918,0,0.0406685,-1.91856,0,21
VST-20261005T041528Z,technical-v1,2026-10-07T17:33:19Z,2026-10-02,,,,,,,0.035224,2,0.015079,-0.524114,0,21
VST-20261005T041528Z/MMM,technical-v1,2026-10-07T17:33:19Z,2026-10-02,,,,,,,0.0262472,0,0,-1.11955,0,21
VST-20261005T041528Z/STRF,technical-v1,2026-10-07T17:33:19Z,2026-10-02,,,,,,,0.0110895,1,0.00116189,-0.208633,0,21
PMI-20261005T135516Z,technical-v1,2026-10-07T17:33:19Z,2026-10-02,-0.0202502,-0.140865,5.27892,0.0640138,0.0603687,14.9963,0.337963,2,0.37619,1.15443,1,21
PMI-20261005T135516Z/DTST,technical-v1,2026-10-07T17:33:19Z,2026-10-02,,-0.0254155,135.279,0.00138554,,0,0.0982456,0,0.185714,1.11519,0,21
PMI-20261005T135516Z/ARBB,technical-v1,2026-10-07T17:33:19Z,2026-10-02,,,,,,0,0.0819672,0,0.0952381,0.74496,0,21
SDEV-20261005T140916Z,technical-v1,2026-10-07T17:33:19Z,2026-10-02,-0.147218,-0.461901,229.269,0.298128,-0.343241,14.481,1.0828,2,6.48,7.10472,1,21
SDEV-20261005T140916Z/RILYL,technical-v1,2026-10-07T17:33:19Z,2026-10-02,,,,,,0,0.0382775,1,0.0440191,-2.5345,0,21
SDEV-20261005T140916Z/PFLT,technical-v1,2026-10-07T17:33:19Z,2026-10-02,-0.00251536,-0.0101445,29.2692,0.00292398,,2.23547,0.02849,0,0,-1.52233,0,21
APLD-20261005T142311Z,technical-v1,2026-10-07T17:33:19Z,2026-10-02,-0.00256544,-0.0491329,363.198,0.00669819,-0.0380117,3.38146,0.0815908,1,0.0504967,-0.449553,0,21
APLD-20261005T142311Z/SNN,technical-v1,2026-10-07T17:33:19Z,2026-10-02,0.00879371,-0.00111483,3.1984,0.00189251,0.013957,2.9103,0.0327273,0,0,-2.40404,0,21
APLD-20261005T142311Z/LTH,technical-v1,2026-10-07T17:33:19Z,2026-10-02,0.00499044,-0.00986482,48.1984,-0.00292754,,0.516426,0.0387536,2,0.0733176,0.184836,0,21
SPCX-20261005T145105Z,technical-v1,2026-10-07T17:33:19Z,2026-10-02,0.0156094,-0.00417537,21.0853,0.000157272,0.0207575,1.83461,0.0735463,1,0.0927339,1.4242,0,21
SPCX-20261005T145105Z/PPG,technical-v1,2026-10-07T17:33:19Z,2026-10-02,0.00218762,-0.00459498,396.085,-0.00085592,0.00593614,0.268663,0.0270657,2,0.00785968,-0.527008,0,21
SPCX-20261005T145105Z/TEL,technical-v1,2026-10-07T17:33:19Z,2026-10-02,0.000768577,-0.00569723,76.0853,-0.00435651,0.00374292,0.320987,0.0358207,2,0.0492834,1.80923,0,21
TSM-20261005T151858Z,technical-v1,2026-10-07T17:33:19Z,2026-10-02,0.00818793,-0.000140719,3.9795,0.0126697,0.0125212,0.962058,0.0300201,2,0.0620928,3.21137,0,21
TSM-20261005T151858Z/SAIA,technical-v1,2026-10-07T17:33:19Z,2026-10-02,-0.00289078,-0.0439306,108.979,0.00733368,0.000261556,0.719768,0.0350771,2,0.0829684,0.579111,0,21
TSM-20261005T151858Z/MYRG,technical-v1,2026-10-07T17:33:19Z,2026-10-02,0.00717376,-0.00469506,23.9795,0.00456082,0.00665462,0.267377,0.0328344,4,0.0658903,1.61605,0,21
VEEA-20261005T153302Z,technical-v1,2026-10-07T17:33:19Z,2026-10-02,-0.0210058,-0.155259,258.034,0.60961,-1.97625e-05,0.743183,1.49345,0,0.534562,0.126255,1,21
VEEA-20261005T153302Z/MPU,technical-v1,2026-10-07T17:33:19Z,2026-10-02,,0,103.034,0,0,0,15.2,1,0.011236,1.65938,0,21
VEEA-20261005T153302Z/FIEE,technical-v1,2026-10-07T17:33:19Z,2026-10-02,,,,,,0,0.111111,0,0.0396601,-0.956561,0,21
GME-20261005T162454Z,technical-v1,2026-10-07T17:33:19Z,2026-10-02,0.00424557,-0.00892338,104.9,0.0109312,-0.0038994,0.751529,0.0557996,1,0.0852373,2.25337,0,21
GME-20261005T162454Z/SOBO,technical-v1,2026-10-07T17:33:19Z,2026-10-02,0.00621194,-0.000293513,44.9002,-0.00236546,0.00294464,0.296496,0.019973,2,0.020827,-1.88145,0,21
GME-20261005T162454Z/BEN,technical-v1,2026-10-07T17:33:19Z,2026-10-02,0.00569884,-0.00121655,19.9002,-0.000304785,0.00566529,0.350007,0.0351714,2,0.0214819,-0.513761,0,21
DELL-20261005T163855Z,technical-v1,2026-10-07T17:33:19Z,2026-10-02,0.000130676,-0.0223507,498.919,-0.00979521,-0.00162852,0.196485,0.119754,2,0.0494385,0.531695,0,21
DELL-20261005T163855Z/ADI,technical-v1,2026-10-07T17:33:19Z,2026-10-02,0.00333269,-0.017361,513.919,0.00184586,0.0036484,0.216236,0.048526,2,0.0902747,3.42755,0,21
DELL-20261005T163855Z/PWR,technical-v1,2026-10-07T17:33:19Z,2026-10-02,0.00802223,-0.000319144,3.91877,0.000280832,0.0032538,0.756095,0.0514764,2,0.0656166,2.00828,0,21
IREN-20261005T174934Z,technical-v1,2026-10-07T17:33:19Z,2026-10-02,-0.00351103,-0.0510551,584.574,0.00562739,0.00125156,0.666503,0.0735971,1,0.0273063,-0.918077,0,21
IREN-20261005T174934Z/NI,technical-v1,2026-10-07T17:33:19Z,2026-10-02,0.00182724,-0.00351406,64.5737,0.0017753,-0.00313873,0.402019,0.0128205,0,0.0110256,-1.39523,0,21
IREN-20261005T174934Z/AMRZ,technical-v1,2026-10-07T17:33:19Z,2026-10-02,0.00733131,-0.00161031,314.574,-0.0112721,-0.000268745,0.249739,0.0279702,1,0.000805802,-1.61641,0,21
MSFT-20261005T211417Z,technical-v1,2026-10-07T17:33:19Z,2026-10-05,-0.00345539,-0.0137504,444.29,0.00827971,-1.90462e-05,,0.0366317,2,0.0547266,1.82738,0,18
MSFT-20261005T211417Z/MDGL,technical-v1,2026-10-07T17:33:19Z,2026-10-05,-0.00166615,-0.0225347,459.29,0.0112135,0,,0.0234012,0,0,-1.85221,0,18
MSFT-20261005T211417Z/WAT,technical-v1,2026-10-07T17:33:19Z,2026-10-05,0.013324,-0.00152,74.2901,0.000940712,0,,0.035065,1,0.0464845,1.41194,0,18
QCOM-20261005T211417Z,technical-v1,2026-10-07T17:33:19Z,2026-10-05,-0.00427718,-0.0569127,764.29,0.00110889,0.00181647,,0.0928989,0,0,-0.57378,0,18
QCOM-20261005T211417Z/RY,technical-v1,2026-10-07T17:33:19Z,2026-10-05,-0.00275091,-0.00690306,789.29,-0.000511065,0,,0.0142154,0,0,-2.39722,0,18
QCOM-20261005T211417Z/BNY,technical-v1,2026-10-07T17:33:19Z,2026-10-05,-0.000530632,-0.0131127,659.29,0.00137552,0,,0.0102835,0,0,-3.12309,0,18
ALEC-20261005T234112Z,technical-v1,2026-10-07T17:33:19Z,2026-10-05,-0.155755,-0.441738,686.205,0.508287,-0.0103535,,0.0994475,1,0.0994475,-0.0793844,0,18
ALEC-20261005T234112Z/WDH,technical-v1,2026-10-07T17:33:19Z,2026-10-05,-0.00658546,-0.0190476,591.205,0.00970874,,,0.049505,0,0.00980392,-0.0905172,0,18
ALEC-20261005T234112Z/INO,technical-v1,2026-10-07T17:33:19Z,2026-10-05,0.00844923,-0.0622349,936.205,0.0344828,-0.00887931,,0.0990991,0,0.036036,-0.859649,0,18
IWM-20261006T005958Z,technical-v1,2026-10-07T17:33:19Z,2026-10-05,0.00195666,-0.0408523,279.979,0.00152742,-0.000141248,,0.00895993,2,0.0130627,-0.912208,0,18
IWM-20261006T005958Z/RJF,technical-v1,2026-10-07T17:33:19Z,2026-10-05,0.00340769,-0.00504285,344.979,0.00303394,,,0.0110113,0,0.00120238,-1.88788,0,18
IWM-20261006T005958Z/ITIC,technical-v1,2026-10-07T17:33:19Z,2026-10-05,0.000736326,-0.00626269,639.979,0.00866644,0,,0.0171156,2,0.0258042,-0.401754,0,18
MSTR-20261006T081750Z,technical-v1,2026-10-07T17:33:19Z,2026-10-05,,-0.00648418,7.83638,,,,0.163856,1,0.0740741,1.64532,0,18
MSTR-20261006T081750Z/LOW,technical-v1,2026-10-07T17:33:19Z,2026-10-05,,,,,,,0.0267044,0,0,-2.74119,0,18
MSTR-20261006T081750Z/APD,technical-v1,2026-10-07T17:33:19Z,2026-10-05,,,,,,,0.030058,2,0.0223905,-0.963855,0,18
QQQ-20261006T114943Z,technical-v1,2026-10-07T17:33:19Z,2026-10-05,,-0.000762135,19.725,,0.00183124,,0.0277497,5,0.0267063,2.68113,0,18
QQQ-20261006T114943Z/REGN,technical-v1,2026-10-07T17:33:19Z,2026-10-05,,-0.000684463,44.725,,,,0.019158,0,0,-2.47448,0,18
QQQ-20261006T114943Z/ETN,technical-v1,2026-10-07T17:33:19Z,2026-10-05,,0,17.3916,,0.00867259,,0.0396432,0,0.00672547,0.649056,0,18
CEG-20261006T133604Z,technical-v1,2026-10-07T17:33:19Z,2026-10-05,0.0065612,-0.016915,1.08003,0.0877737,0.042217,41.5846,0.0393413,1,0.0535391,0.0469262,0,18
CEG-20261006T133604Z/LOW,technical-v1,2026-10-07T17:33:19Z,2026-10-05,0.00115129,-0.0013383,1.08003,0.0021727,-0.000719365,0.340129,0.0267044,0,0,-2.74119,0,18
CEG-20261006T133604Z/SCCO,technical-v1,2026-10-07T17:33:19Z,2026-10-05,-0.0031624,-0.0126387,311.08,0.00370208,,1.00635,0.0493057,0,0.0304688,0.822561,0,18
MRVL-20261006T133604Z,technical-v1,2026-10-07T17:33:19Z,2026-10-05,0.0212128,-0.00410492,1.08003,1.84332e-05,0.0554101,16.2883,0.0537564,0,0.0768162,1.89502,0,18
MRVL-20261006T133604Z/VRTX,technical-v1,2026-10-07T17:33:19Z,2026-10-05,-0.00223033,-0.00666128,1.08003,0.00297915,0.00141063,0.925596,0.0116977,0,0,-1.14896,0,18
MRVL-20261006T133604Z/ADI,technical-v1,2026-10-07T17:33:19Z,2026-10-05,0.00207518,-0.00743039,326.08,0.00477213,0.00171021,0.891715,0.048526,3,0.0953713,3.29586,0,18
CRWV-20261006T134951Z,technical-v1,2026-10-07T17:33:19Z,2026-10-05,0.00143909,-0.0058845,9.85818,0.013846,0.0139709,2.20132,0.117167,0,0.0272717,0.0664838,0,18
CRWV-20261006T134951Z/RYAAY,technical-v1,2026-10-07T17:33:19Z,2026-10-05,0.00472549,-0.00160428,4.85818,0.0155393,,0.751467,0.0285451,0,0.0122132,0.401535,0,18
CRWV-20261006T134951Z/EW,technical-v1,2026-10-07T17:33:19Z,2026-10-05,-0.00246872,-0.0195814,39.8582,0.00355382,,0.702602,0.0412876,1,0.0244275,0.207698,0,18
NVAX-20261006T134951Z,technical-v1,2026-10-07T17:33:19Z,2026-10-05,0.0423391,-0.0108777,4.85818,-0.0159236,0.0745721,10.7422,0.200765,1,0.200765,2.96366,0,18
NVAX-20261006T134951Z/ARQT,technical-v1,2026-10-07T17:33:19Z,2026-10-05,-0.0019328,-0.0196155,159.858,0.00337972,,0.26436,0.111867,0,0,-0.259792,0,18
NVAX-20261006T134951Z/IMTX,technical-v1,2026-10-07T17:33:19Z,2026-10-05,-0.00566695,-0.0230474,14.8582,0.00388098,,0.617752,0.0257009,1,0.0184453,-1.99111,0,18
MRNA-20261006T140251Z,technical-v1,2026-10-07T17:33:19Z,2026-10-05,-0.0345008,-0.0670154,17.8624,-0.0053147,-0.0154665,3.80648,0.122695,2,0.115864,2.234,0,18
MRNA-20261006T140251Z/FNV,technical-v1,2026-10-07T17:33:19Z,2026-10-05,-6.23445e-05,-0.00720165,102.862,0.00377938,-0.00720165,0.469996,0.0277167,2,0.0211629,-1.57515,0,18
MRNA-20261006T140251Z/PCAR,technical-v1,2026-10-07T17:33:19Z,2026-10-05,0.00265905,-0.00619573,42.8624,-0.00164594,0.00324142,0.519945,0.00578296,0,0,-2.19697,0,18
NVDA-20261006T140251Z,technical-v1,2026-10-07T17:33:19Z,2026-10-05,0.00189133,-0.00441714,27.8624,0.013311,0.00358698,2.58683,0.0254324,4,0.0637635,2.73174,0,18
NVDA-20261006T140251Z/THG,technical-v1,2026-10-07T17:33:19Z,2026-10-05,0.00253257,-0.00146618,7.8624,-0.00476407,,0.291607,0.0236893,3,0.0293293,-0.509187,0,18
NVDA-20261006T140251Z/JKHY,technical-v1,2026-10-07T17:33:19Z,2026-10-05,0.00278301,-0.037123,182.862,-0.00620176,-0.00254086,0.36507,0.0318686,1,0.0181002,-1.81555,0,18
AMD-20261006T145548Z,technical-v1,2026-10-07T17:33:19Z,2026-10-05,0.0158367,-0.000230079,0.814033,0.0257855,0.0187957,1.5029,0.0994963,0,0.0397979,2.32169,0,18
AMD-20261006T145548Z/GS,technical-v1,2026-10-07T17:33:19Z,2026-10-05,-8.63674e-05,-0.00527629,40.814,0.00907707,-0.00148476,0.637778,0.0184607,0,0,-2.52775,0,18
AMD-20261006T145548Z/NEU,technical-v1,2026-10-07T17:33:19Z,2026-10-05,-0.0085801,-0.0184422,80.814,0.00388381,-0.00355421,0.632225,0.026317,3,0.0400212,1.46869,0,18
NOK-20261006T154900Z,technical-v1,2026-10-07T17:33:19Z,2026-10-05,0.0207716,-0.00139018,19.0077,0.0107843,0.0208432,1.53856,0.0618146,0,0.00790514,-0.598482,0,18
NOK-20261006T154900Z/VOD,technical-v1,2026-10-07T17:33:19Z,2026-10-05,-0.000110977,-0.0210184,379.008,-0.0125074,0.00030248,1.57844,0.026862,0,0.0396285,-0.40655,0,18
NOK-20261006T154900Z/NWG,technical-v1,2026-10-07T17:33:19Z,2026-10-05,0.00268373,0,29.0077,0.00857143,0.00253879,1.55069,0.0255157,0,0.00574713,-1.95909,0,18
VOO-20261006T161553Z,technical-v1,2026-10-07T17:33:19Z,2026-10-05,0.00148718,-0.000821189,45.884,0.00405717,-0.000215867,0.385858,0.0156744,3,0.0163513,1.2518,0,18
VOO-20261006T161553Z/EG,technical-v1,2026-10-07T17:33:19Z,2026-10-05,-0.00163045,-0.00777112,45.884,-0.00229001,-0.00426359,0.400997,0.0210648,0,0.00449106,-0.747524,0,18
VOO-20261006T161553Z/SNA,technical-v1,2026-10-07T17:33:19Z,2026-10-05,0.00359362,-0.00112182,40.884,0.00280348,0.00188883,0.333081,0.012027,0,0.0111463,-0.7202,0,18
HTZ-20261006T164306Z,technical-v1,2026-10-07T17:33:19Z,2026-10-05,0.0419863,-0.0334928,13.1092,0.0139665,0.0831099,5.34759,0.0359281,3,0.0718563,-0.689063,0,18
HTZ-20261006T164306Z/RR,technical-v1,2026-10-07T17:33:19Z,2026-10-05,-0.000998623,-0.0371429,188.109,0.0116279,0.00898204,0.638677,0.107595,1,0.0955414,0.599549,0,18
HTZ-20261006T164306Z/VTEX,technical-v1,2026-10-07T17:33:19Z,2026-10-05,0.00308809,-0.00648508,148.109,-0.00791557,0.00524934,0.18483,0.0383562,1,0.0586592,1.73419,0,18
INFQ-20261006T164306Z,technical-v1,2026-10-07T17:33:19Z,2026-10-05,-0.0100023,-0.0339803,183.109,0.0173776,-0.00103489,0.393683,0.0794393,0,0,-0.963536,0,18
INFQ-20261006T164306Z/RWTO,technical-v1,2026-10-07T17:33:19Z,2026-10-05,0.00317555,-0.0553117,53.1092,-0.00821543,0.0153338,4.64346,0.0253654,0,0,-2.09882,0,18
INFQ-20261006T164306Z/SPNT,technical-v1,2026-10-07T17:33:19Z,2026-10-05,-0.00247066,-0.00798722,68.1092,0.0138776,-0.00560448,0.133887,0.0173554,3,0.0103093,-0.336275,0,18
SPY-20261006T170839Z,technical-v1,2026-10-07T17:33:19Z,2026-10-05,-5.91088e-05,-0.00222615,98.6574,0.00428481,-0.00154912,0.398953,0.015505,3,0.0159973,1.33372,0,18
SPY-20261006T170839Z/DE,technical-v1,2026-10-07T17:33:19Z,2026-10-05,-0.00549064,-0.0160934,173.657,0.00278511,-0.00102582,0.191541,0.0295837,0,0.0223901,-0.0979875,0,18
SPY-20261006T170839Z/UI,technical-v1,2026-10-07T17:33:19Z,2026-10-05,-1.4748e-05,-0.0101132,108.657,0.00892842,-0.00824943,0.47337,0.0741987,0,0.101054,1.77148,0,18
CIRC-20261006T172144Z,technical-v1,2026-10-07T17:33:19Z,2026-10-05,-0.262904,-0.372571,316.742,0.115056,-0.114516,5.34821,0.154971,7,0.620482,1.19894,1,18
CIRC-20261006T172144Z/GCL,technical-v1,2026-10-07T17:33:19Z,2026-10-05,-0.00402603,-0.0696948,216.742,0.120815,-0.000774393,0.310129,0.101836,0,0.048855,0.501887,1,18
CIRC-20261006T172144Z/TEAD,technical-v1,2026-10-07T17:33:19Z,2026-10-05,-0.0183932,-0.0446488,136.742,0.0388693,-0.01398,0.0324447,0.197674,3,0.316279,1.12508,0,18
PENG-20261006T180149Z,technical-v1,2026-10-07T17:33:19Z,2026-10-05,-0.0347797,-0.083627,286.821,0.0146599,-0.0408317,6.53527,0.116042,0,0.143745,2.34126,0,18
PENG-20261006T180149Z/CXT,technical-v1,2026-10-07T17:33:19Z,2026-10-05,-0.00280154,-0.0109627,46.8212,0.00549227,-0.00581046,0.615524,0.0583352,4,0.0459574,0.546154,0,18
PENG-20261006T180149Z/YETI,technical-v1,2026-10-07T17:33:19Z,2026-10-05,0.00156769,-0.00994353,266.821,0.00493583,-0.0014857,0.556096,0.0294491,0,0,-0.52284,0,18
OKLO-20261006T181453Z,technical-v1,2026-10-07T17:33:19Z,2026-10-05,0.0104503,-0.00584989,14.896,0.0389213,0.00708854,0.857748,0.113139,1,0.00278784,-1.08187,0,18
OKLO-20261006T181453Z/INGM,technical-v1,2026-10-07T17:33:19Z,2026-10-05,-0.000253044,-0.00634921,209.896,0.0101523,-0.00318471,0.210941,0.0447478,0,0.0466793,0.550376,0,18
OKLO-20261006T181453Z/BRX,technical-v1,2026-10-07T17:33:19Z,2026-10-05,-0.00201319,-0.00855479,164.896,0.00369686,-0.000917095,0.254944,0.0122611,0,0,-2.32427,0,18
INTC-20261006T182821Z,technical-v1,2026-10-07T17:33:19Z,2026-10-05,-0.00177853,-0.0296785,293.356,0.00748774,0.00643214,0.441042,0.121363,0,0.00224273,0.534352,0,18
INTC-20261006T182821Z/BANF,technical-v1,2026-10-07T17:33:19Z,2026-10-05,-0.00525398,-0.0163318,293.356,0.0054848,-0.00107151,0.0963109,0.014931,0,0.0217515,-0.548755,0,18
INTC-20261006T182821Z/HLI,technical-v1,2026-10-07T17:33:19Z,2026-10-05,-0.00264757,-0.00845364,103.356,0.0110323,-0.00368474,0.460326,0.0177996,1,0.00443248,-1.02275,0,18
SKHY-20261006T185459Z,technical-v1,2026-10-07T17:33:19Z,2026-10-05,-0.0215995,-0.0561994,389.99,-0.018152,-0.0140875,1.07293,0.0704931,0,0.0720097,1.02171,0,18
SKHY-20261006T185459Z/OPY,technical-v1,2026-10-07T17:33:19Z,2026-10-05,-0.00875852,-0.0216768,269.99,0.00320513,-0.00373316,0.0425029,0.0347313,3,0.0773862,0.559333,0,18
SKHY-20261006T185459Z/WDFC,technical-v1,2026-10-07T17:33:19Z,2026-10-05,-0.00540545,-0.0136202,324.99,0.00670358,-0.00509709,0.272226,0.026309,3,0.0598775,2.08815,0,18
AVGO-20261006T193424Z,technical-v1,2026-10-07T17:33:19Z,2026-10-05,0.00655983,-0.00716836,99.4072,0.0119721,0.000396867,0.60484,0.0334653,2,0.0549121,0.824966,0,18
AVGO-20261006T193424Z/HUBB,technical-v1,2026-10-07T17:33:19Z,2026-10-05,-0.00185294,-0.0132554,334.407,0.00595028,-0.00252396,0.871852,0.0294974,3,0.059634,1.87899,0,18
AVGO-20261006T193424Z/SLAB,technical-v1,2026-10-07T17:33:19Z,2026-10-05,-0.000670979,-0.00185158,74.4072,-0.000628366,-0.0015248,0.484983,0.00538444,5,0.00800796,2.0182,0,18
CRWD-20261006T235945Z,technical-v1,2026-10-07T17:33:19Z,2026-10-05,-0.0082707,-0.0291578,599.766,0.0199509,-0.00235606,,0.138531,6,0.0904183,2.55815,0,18
CRWD-20261006T235945Z/MS,technical-v1,2026-10-07T17:33:19Z,2026-10-05,0.000516268,-0.00806669,584.766,0.00431148,0.000846307,,0.0174746,0,0.0115951,-2.44893,0,18
CRWD-20261006T235945Z/ADI,technical-v1,2026-10-07T17:33:19Z,2026-10-05,0.000844074,-0.0101841,949.766,0.00477213,-0.000831551,,0.048526,3,0.0953713,3.29586,0,18
SNDK-20261007T100925Z,technical-v1,2026-10-07T17:33:19Z,2026-10-05,,-0.0145423,124.432,,-0.00350154,,0.109905,0,0,-0.506888,0,18
SNDK-20261007T100925Z/PH,technical-v1,2026-10-07T17:33:19Z,2026-10-05,,0,34.4321,,,,0.0197235,4,0.030866,1.53334,0,18
SNDK-20261007T100925Z/NEU,technical-v1,2026-10-07T17:33:19Z,2026-10-05,,-0.00444282,109.432,,0,,0.026317,4,0.0410565,1.40622,0,18
BULL-20261007T120818Z,technical-v1,2026-10-07T17:33:19Z,2026-10-05,,-0.251374,243.307,,-0.171733,,0.0700389,0,0.0444763,-1.73592,0,18
BULL-20261007T120818Z/LUXE,technical-v1,2026-10-07T17:33:19Z,2026-10-05,,,,,,,0.232168,2,0.121076,1.9551,0,18
BULL-20261007T120818Z/MLCO,technical-v1,2026-10-07T17:33:19Z,2026-10-05,,,,,,,0.0263158,3,0.0241546,-2.29789,0,18
SOXS-20261007T120818Z,technical-v1,2026-10-07T17:33:19Z,2026-10-05,,-0.0089172,13.3074,,-0.00224431,,0.171953,1,0.00033761,-2.8236,0,18
SOXS-20261007T120818Z/NSLRL,technical-v1,2026-10-07T17:33:19Z,2026-10-05,,,,,,,0.0165934,3,0.0227273,1.90326,0,18
SOXS-20261007T120818Z/UFCS,technical-v1,2026-10-07T17:33:19Z,2026-10-05,,,,,,,0.0256703,4,0.0433542,0.41305,0,18
SOXL-20261007T123454Z,technical-v1,2026-10-07T17:33:19Z,2026-10-05,,-0.064911,269.908,,-0.0114636,,0.147651,0,0.154403,2.42459,0,18
SOXL-20261007T123454Z/SE,technical-v1,2026-10-07T17:33:19Z,2026-10-05,,-0.00974295,269.908,,-0.0033382,,0.0229669,0,0.0140771,-1.73364,0,18
SOXL-20261007T123454Z/AGCO,technical-v1,2026-10-07T17:33:19Z,2026-10-05,,,,,,,0.0250425,0,0.0391736,-0.78717,0,18
GLD-20261007T130139Z,technical-v1,2026-10-07T17:33:19Z,2026-10-05,,-0.0139173,291.654,,-0.00848947,,0.016899,1,0.0115371,-1.44352,0,18
GLD-20261007T130139Z/LIN,technical-v1,2026-10-07T17:33:19Z,2026-10-05,,0,46.6544,,0.00329912,,0.0213654,3,0.0465886,2.51338,0,18
GLD-20261007T130139Z/ADP,technical-v1,2026-10-07T17:33:19Z,2026-10-05,,-0.000227964,76.6544,,0,,0.0312011,2,0.0181621,-0.722387,0,18
BIYA-20261007T163823Z,technical-v1,2026-10-07T17:33:19Z,2026-10-05,-0.0211969,-0.937868,253.392,0.567766,-0.0495067,13.5227,0.0217918,0,0,-2.87233,0,18
BIYA-20261007T163823Z/DUKRW,technical-v1,2026-10-07T17:33:19Z,2026-10-05,,,,,,0,0.181818,0,0.239669,0.387972,0,18
BIYA-20261007T163823Z/MKZR,technical-v1,2026-10-07T17:33:19Z,2026-10-05,0.0313524,-0.0103448,13.3923,-0.0578986,,5.47997,0.0534351,2,0.0534351,-0.0629673,0,18
LLY-20261007T174433Z,technical-v1,2026-10-08T00:23:05Z,2026-10-06,0.00410355,-0.00855275,74.5616,0.0116891,-0.00216031,0.517209,0.0268465,2,0.0128101,0.151967,0,20
LLY-20261007T174433Z/URI,technical-v1,2026-10-08T00:23:05Z,2026-10-06,0.00228544,-0.029021,249.562,-0.00928171,0.00362896,0.360247,0.045382,1,0.0797778,1.70098,0,20
LLY-20261007T174433Z/DJCO,technical-v1,2026-10-08T00:23:05Z,2026-10-06,-0.00418647,-0.0176576,204.562,-0.0166908,-0.00339172,0.331123,0.0256627,0,0,-1.24957,0,20
IREN-20261007T191801Z,technical-v1,2026-10-08T00:23:05Z,2026-10-06,-0.0100113,-0.0604406,673.033,-0.0245882,0.00753736,0.822695,0.0735971,1,0.0197628,-0.929771,0,20
IREN-20261007T191801Z/TTEK,technical-v1,2026-10-08T00:23:05Z,2026-10-06,0.00702019,-0.0192134,343.033,-0.00629119,0.00214724,0.465553,0.0233687,2,0.0130501,-1.56684,0,20
IREN-20261007T191801Z/RAL,technical-v1,2026-10-08T00:23:05Z,2026-10-06,0.00404108,-0.0120157,343.033,-0.00988356,0.0017796,0.296043,0.0397341,0,0.067804,2.48128,0,20
LEVI-20261007T203721Z,technical-v1,2026-10-08T00:23:05Z,2026-10-06,-0.0260333,-0.0937701,22.3541,-0.0129079,-0.0109602,16.1637,0.0201309,0,0,-0.71802,0,20
LEVI-20261007T203721Z/ABXL,technical-v1,2026-10-08T00:23:05Z,2026-10-06,-0.000101248,-0.00629921,392.354,-0.0019802,0.0015873,1.63521,0.00670876,0,0,-0.563787,0,20
LEVI-20261007T203721Z/IMPPP,technical-v1,2026-10-08T00:23:05Z,2026-10-06,0.00429988,0,77.3541,-7.72141e-05,0,0,0.0131988,1,0.0179804,0.187554,0,20
SMCI-20261007T205044Z,technical-v1,2026-10-08T00:23:05Z,2026-10-06,0.0118352,-0.0167158,90.7387,-0.0216291,-0.00365327,2.87101,0.0949796,2,0.0955631,1.9426,0,20
SMCI-20261007T205044Z/VIK,technical-v1,2026-10-08T00:23:05Z,2026-10-06,-0.0149541,-0.0249848,205.739,-0.0176384,-0.0105846,3.17687,0.030179,0,0.0391304,-0.308583,0,20
SMCI-20261007T205044Z/AMCR,technical-v1,2026-10-08T00:23:05Z,2026-10-06,-0.00538524,-0.0159474,425.739,-0.00574575,-0.0036795,5.72054,0.02586,0,0,-1.16758,0,20
UUUU-20261007T205044Z,technical-v1,2026-10-08T00:23:05Z,2026-10-06,-0.00936262,-0.0960352,765.739,-0.0364121,-0.00581395,8.03179,0.0512821,0,0,-2.43714,0,20
UUUU-20261007T205044Z/AADX,technical-v1,2026-10-08T00:23:05Z,2026-10-06,0.0106331,-0.0361953,520.739,-0.0186441,0.0168739,4.72813,0.0804106,0,0,-1.49235,0,20
UUUU-20261007T205044Z/RVT,technical-v1,2026-10-08T00:23:05Z,2026-10-06,-0.00164511,-0.0102369,435.739,-0.00465929,0.00236967,1.94066,0.0105325,0,0,-1.33679,0,20
