episode_id,ticker,as_of_utc,n_docs,top_author_share,dup_share,promo_share,squeeze_share,news_share,dilution_share,link_share,multi_ticker_share,length_log,computed_at_utc,text_version,near_dup_share
DRTS-20261004T232358Z,DRTS,2026-10-04T23:23:58Z,11,0.272727,0.0,0.0,0.0,0.272727,0.090909,0.090909,0.272727,7.143618,2026-10-06T02:40:13Z,text-v1,
VST-20261005T041528Z,VST,2026-10-05T04:15:28Z,22,0.181818,0.0,0.090909,0.0,0.0,0.0,0.0,0.227273,3.85208,2026-10-06T02:40:13Z,text-v1,
PMI-20261005T135516Z,PMI,2026-10-05T13:55:16Z,10,0.2,0.0,0.0,0.0,0.0,0.0,0.0,0.1,3.835142,2026-10-06T02:40:13Z,text-v1,
SDEV-20261005T140916Z,SDEV,2026-10-05T14:09:16Z,16,0.1875,0.0,0.0,0.0,0.0,0.0,0.0,0.125,3.904495,2026-10-06T02:40:13Z,text-v1,
APLD-20261005T142311Z,APLD,2026-10-05T14:23:11Z,23,0.173913,0.0,0.0,0.0,0.217391,0.0,0.0,0.217391,4.975233,2026-10-06T02:40:13Z,text-v1,
SPCX-20261005T145105Z,SPCX,2026-10-05T14:51:05Z,54,0.148148,0.0,0.0,0.0,0.018519,0.0,0.018519,0.185185,5.262594,2026-10-06T02:40:13Z,text-v1,
TSM-20261005T151858Z,TSM,2026-10-05T15:18:58Z,10,0.3,0.0,0.0,0.0,0.1,0.0,0.0,0.1,4.00915,2026-10-06T02:40:13Z,text-v1,
VEEA-20261005T153302Z,VEEA,2026-10-05T15:33:02Z,15,0.266667,0.0,0.0,0.133333,0.133333,0.0,0.0,0.133333,4.902307,2026-10-06T02:40:13Z,text-v1,
GME-20261005T162454Z,GME,2026-10-05T16:24:54Z,20,0.1,0.0,0.0,0.0,0.05,0.1,0.05,0.2,5.518256,2026-10-06T02:40:13Z,text-v1,
DELL-20261005T163855Z,DELL,2026-10-05T16:38:55Z,13,0.538462,0.0,0.0,0.0,0.0,0.0,0.0,0.230769,4.849624,2026-10-06T02:40:13Z,text-v1,
IREN-20261005T174934Z,IREN,2026-10-05T17:49:34Z,10,0.2,0.0,0.0,0.0,0.0,0.0,0.0,0.1,4.183576,2026-10-06T02:40:13Z,text-v1,
MSFT-20261005T211417Z,MSFT,2026-10-05T21:14:17Z,50,0.18,0.0,0.0,0.02,0.04,0.0,0.0,0.12,4.250493,2026-10-06T02:40:13Z,text-v1,
QCOM-20261005T211417Z,QCOM,2026-10-05T21:14:17Z,11,0.181818,0.0,0.0,0.0,0.090909,0.0,0.0,0.272727,4.035045,2026-10-06T02:40:13Z,text-v1,
ALEC-20261005T234112Z,ALEC,2026-10-05T23:41:12Z,10,0.3,0.0,0.0,0.0,0.0,0.1,0.1,0.0,4.440296,2026-10-06T02:40:13Z,text-v1,
IWM-20261006T005958Z,IWM,2026-10-06T00:59:58Z,14,0.214286,0.0,0.0,0.0,0.071429,0.0,0.0,0.142857,4.515558,2026-10-06T02:40:13Z,text-v1,
DRTS-20261004T232358Z,DRTS,2026-10-04T23:23:58Z,11,0.272727,0.0,0.0,0.0,0.272727,0.090909,0.090909,0.272727,7.143618,2026-10-06T08:20:48Z,text-v2,0.0
VST-20261005T041528Z,VST,2026-10-05T04:15:28Z,22,0.181818,0.0,0.090909,0.0,0.0,0.0,0.0,0.227273,3.85208,2026-10-06T08:20:48Z,text-v2,0.0
PMI-20261005T135516Z,PMI,2026-10-05T13:55:16Z,1,1.0,0.0,0.0,0.0,0.0,0.0,0.0,0.0,3.091042,2026-10-06T08:20:48Z,text-v2,0.0
SDEV-20261005T140916Z,SDEV,2026-10-05T14:09:16Z,16,0.1875,0.0,0.0,0.0,0.0,0.0,0.0,0.125,3.904495,2026-10-06T08:20:48Z,text-v2,0.0
APLD-20261005T142311Z,APLD,2026-10-05T14:23:11Z,23,0.173913,0.0,0.0,0.0,0.217391,0.0,0.0,0.217391,4.975233,2026-10-06T08:20:48Z,text-v2,0.0
SPCX-20261005T145105Z,SPCX,2026-10-05T14:51:05Z,54,0.148148,0.0,0.0,0.0,0.018519,0.0,0.018519,0.185185,5.262594,2026-10-06T08:20:48Z,text-v2,0.0
TSM-20261005T151858Z,TSM,2026-10-05T15:18:58Z,10,0.3,0.0,0.0,0.0,0.1,0.0,0.0,0.1,4.00915,2026-10-06T08:20:48Z,text-v2,0.0
VEEA-20261005T153302Z,VEEA,2026-10-05T15:33:02Z,15,0.266667,0.0,0.0,0.133333,0.133333,0.0,0.0,0.133333,4.902307,2026-10-06T08:20:48Z,text-v2,0.0
GME-20261005T162454Z,GME,2026-10-05T16:24:54Z,20,0.1,0.0,0.0,0.0,0.05,0.1,0.05,0.2,5.518256,2026-10-06T08:20:48Z,text-v2,0.0
DELL-20261005T163855Z,DELL,2026-10-05T16:38:55Z,13,0.538462,0.0,0.0,0.0,0.0,0.0,0.0,0.230769,4.849624,2026-10-06T08:20:48Z,text-v2,0.0
IREN-20261005T174934Z,IREN,2026-10-05T17:49:34Z,10,0.2,0.0,0.0,0.0,0.0,0.0,0.0,0.1,4.183576,2026-10-06T08:20:48Z,text-v2,0.0
MSFT-20261005T211417Z,MSFT,2026-10-05T21:14:17Z,50,0.18,0.0,0.0,0.02,0.04,0.0,0.0,0.12,4.250493,2026-10-06T08:20:48Z,text-v2,0.0
QCOM-20261005T211417Z,QCOM,2026-10-05T21:14:17Z,11,0.181818,0.0,0.0,0.0,0.090909,0.0,0.0,0.272727,4.035045,2026-10-06T08:20:48Z,text-v2,0.0
ALEC-20261005T234112Z,ALEC,2026-10-05T23:41:12Z,10,0.3,0.0,0.0,0.0,0.0,0.1,0.1,0.0,4.440296,2026-10-06T08:20:48Z,text-v2,0.0
IWM-20261006T005958Z,IWM,2026-10-06T00:59:58Z,14,0.214286,0.0,0.0,0.0,0.071429,0.0,0.0,0.142857,4.515558,2026-10-06T08:20:48Z,text-v2,0.0
MSTR-20261006T081750Z,MSTR,2026-10-06T08:17:50Z,15,0.066667,0.0,0.0,0.0,0.0,0.0,0.0,0.533333,4.826712,2026-10-06T08:20:48Z,text-v2,0.0
