snapshot_id,episode_id,role,ticker,archetype,as_of_utc,warmup,track_status,sessions,label,pump_dump,crash_10,real_news,ret_max_5,peak_k_5,drop_from_peak_10,min_close_10,ret_min_close_10,peak_maybe_before_flag,news_filings,note,labeled_at_utc,label_version
DRTS-20261004T232358Z,DRTS-20261004T232358Z,candidate,DRTS,other,2026-10-04T23:23:58Z,1,active,1,pending,,,,,,,,,,,,2026-10-06T03:03:50Z,label-v1
DRTS-20261004T232358Z/BCSF,DRTS-20261004T232358Z,control,BCSF,other,2026-10-04T23:23:58Z,1,active,1,pending,,,,,,,,,,,,2026-10-06T03:03:50Z,label-v1
DRTS-20261004T232358Z/NCNO,DRTS-20261004T232358Z,control,NCNO,other,2026-10-04T23:23:58Z,1,active,1,pending,,,,,,,,,,,,2026-10-06T03:03:50Z,label-v1
VST-20261005T041528Z,VST-20261005T041528Z,candidate,VST,other,2026-10-05T04:15:28Z,1,active,1,pending,,,,,,,,,,"8-K 2026-10-03T00:12 1.01,2.03,9.01",,2026-10-06T03:03:50Z,label-v1
VST-20261005T041528Z/MMM,VST-20261005T041528Z,control,MMM,other,2026-10-05T04:15:28Z,1,active,1,pending,,,,,,,,,,,,2026-10-06T03:03:50Z,label-v1
VST-20261005T041528Z/STRF,VST-20261005T041528Z,control,STRF,other,2026-10-05T04:15:28Z,1,active,1,pending,,,,,,,,,,"8-K 2026-10-05T12:00 7.01,8.01",,2026-10-06T03:03:50Z,label-v1
PMI-20261005T135516Z,PMI-20261005T135516Z,candidate,PMI,low_float_runner,2026-10-05T13:55:16Z,1,active,1,pending,,,,,,,,,,,,2026-10-06T03:03:50Z,label-v1
PMI-20261005T135516Z/DTST,PMI-20261005T135516Z,control,DTST,low_float_runner,2026-10-05T13:55:16Z,1,active,1,pending,,,,,,,,,,,,2026-10-06T03:03:50Z,label-v1
PMI-20261005T135516Z/ARBB,PMI-20261005T135516Z,control,ARBB,low_float_runner,2026-10-05T13:55:16Z,1,active,1,pending,,,,,,,,,,,,2026-10-06T03:03:50Z,label-v1
SDEV-20261005T140916Z,SDEV-20261005T140916Z,candidate,SDEV,other,2026-10-05T14:09:16Z,1,active,1,real_news,,1,1,,,,,,,"8-K 2026-10-05T12:05 2.02,8.01,9.01 (news)",,2026-10-06T03:03:50Z,label-v1
SDEV-20261005T140916Z/RILYL,SDEV-20261005T140916Z,control,RILYL,other,2026-10-05T14:09:16Z,1,active,1,pending,,,,,,,,,,,,2026-10-06T03:03:50Z,label-v1
SDEV-20261005T140916Z/PFLT,SDEV-20261005T140916Z,control,PFLT,other,2026-10-05T14:09:16Z,1,active,1,pending,,,,,,,,,,"8-K 2026-10-02T20:05 7.01,9.01",,2026-10-06T03:03:50Z,label-v1
APLD-20261005T142311Z,APLD-20261005T142311Z,candidate,APLD,other,2026-10-05T14:23:11Z,1,active,1,pending,,,,,,,,,,,,2026-10-06T03:03:50Z,label-v1
APLD-20261005T142311Z/SNN,APLD-20261005T142311Z,control,SNN,other,2026-10-05T14:23:11Z,1,active,1,pending,,,,,,,,,,,,2026-10-06T03:03:50Z,label-v1
APLD-20261005T142311Z/LTH,APLD-20261005T142311Z,control,LTH,other,2026-10-05T14:23:11Z,1,active,1,pending,,,,,,,,,,,,2026-10-06T03:03:50Z,label-v1
SPCX-20261005T145105Z,SPCX-20261005T145105Z,candidate,SPCX,other,2026-10-05T14:51:05Z,1,active,1,pending,,,,,,,,,,,,2026-10-06T03:03:50Z,label-v1
SPCX-20261005T145105Z/PPG,SPCX-20261005T145105Z,control,PPG,other,2026-10-05T14:51:05Z,1,active,1,pending,,,,,,,,,,,,2026-10-06T03:03:50Z,label-v1
SPCX-20261005T145105Z/TEL,SPCX-20261005T145105Z,control,TEL,other,2026-10-05T14:51:05Z,1,active,1,pending,,,,,,,,,,,,2026-10-06T03:03:50Z,label-v1
TSM-20261005T151858Z,TSM-20261005T151858Z,candidate,TSM,other,2026-10-05T15:18:58Z,1,active,1,pending,,,,,,,,,,,,2026-10-06T03:03:50Z,label-v1
TSM-20261005T151858Z/SAIA,TSM-20261005T151858Z,control,SAIA,other,2026-10-05T15:18:58Z,1,active,1,pending,,,,,,,,,,,,2026-10-06T03:03:50Z,label-v1
TSM-20261005T151858Z/MYRG,TSM-20261005T151858Z,control,MYRG,other,2026-10-05T15:18:58Z,1,active,1,pending,,,,,,,,,,,,2026-10-06T03:03:50Z,label-v1
VEEA-20261005T153302Z,VEEA-20261005T153302Z,candidate,VEEA,low_float_runner,2026-10-05T15:33:02Z,1,active,1,pending,,,,,,,,,,"8-K 2026-10-02T20:30 1.01,2.03,9.01",,2026-10-06T03:03:50Z,label-v1
VEEA-20261005T153302Z/MPU,VEEA-20261005T153302Z,control,MPU,low_float_runner,2026-10-05T15:33:02Z,1,active,1,pending,,,,,,,,,,,,2026-10-06T03:03:50Z,label-v1
VEEA-20261005T153302Z/FIEE,VEEA-20261005T153302Z,control,FIEE,low_float_runner,2026-10-05T15:33:02Z,1,active,1,pending,,,,,,,,,,8-K 2026-10-02T20:05 5.02,,2026-10-06T03:03:50Z,label-v1
GME-20261005T162454Z,GME-20261005T162454Z,candidate,GME,other,2026-10-05T16:24:54Z,1,active,1,pending,,,,,,,,,,,,2026-10-06T03:03:50Z,label-v1
GME-20261005T162454Z/SOBO,GME-20261005T162454Z,control,SOBO,other,2026-10-05T16:24:54Z,1,active,1,pending,,,,,,,,,,,,2026-10-06T03:03:50Z,label-v1
GME-20261005T162454Z/BEN,GME-20261005T162454Z,control,BEN,other,2026-10-05T16:24:54Z,1,active,1,pending,,,,,,,,,,,,2026-10-06T03:03:50Z,label-v1
DELL-20261005T163855Z,DELL-20261005T163855Z,candidate,DELL,other,2026-10-05T16:38:55Z,1,active,1,pending,,,,,,,,,,,,2026-10-06T03:03:50Z,label-v1
DELL-20261005T163855Z/ADI,DELL-20261005T163855Z,control,ADI,other,2026-10-05T16:38:55Z,1,active,1,pending,,,,,,,,,,,,2026-10-06T03:03:50Z,label-v1
DELL-20261005T163855Z/PWR,DELL-20261005T163855Z,control,PWR,other,2026-10-05T16:38:55Z,1,active,1,pending,,,,,,,,,,,,2026-10-06T03:03:50Z,label-v1
IREN-20261005T174934Z,IREN-20261005T174934Z,candidate,IREN,other,2026-10-05T17:49:34Z,1,active,1,pending,,,,,,,,,,,,2026-10-06T03:03:50Z,label-v1
IREN-20261005T174934Z/NI,IREN-20261005T174934Z,control,NI,other,2026-10-05T17:49:34Z,1,active,1,pending,,,,,,,,,,,,2026-10-06T03:03:50Z,label-v1
IREN-20261005T174934Z/AMRZ,IREN-20261005T174934Z,control,AMRZ,other,2026-10-05T17:49:34Z,1,active,1,pending,,,,,,,,,,,,2026-10-06T03:03:50Z,label-v1
MSFT-20261005T211417Z,MSFT-20261005T211417Z,candidate,MSFT,other,2026-10-05T21:14:17Z,1,active,0,pending,,,,,,,,,,,,2026-10-06T03:03:50Z,label-v1
MSFT-20261005T211417Z/MDGL,MSFT-20261005T211417Z,control,MDGL,other,2026-10-05T21:14:17Z,1,active,0,pending,,,,,,,,,,,,2026-10-06T03:03:50Z,label-v1
MSFT-20261005T211417Z/WAT,MSFT-20261005T211417Z,control,WAT,other,2026-10-05T21:14:17Z,1,active,0,pending,,,,,,,,,,,,2026-10-06T03:03:50Z,label-v1
QCOM-20261005T211417Z,QCOM-20261005T211417Z,candidate,QCOM,other,2026-10-05T21:14:17Z,1,active,0,pending,,,,,,,,,,,,2026-10-06T03:03:50Z,label-v1
QCOM-20261005T211417Z/RY,QCOM-20261005T211417Z,control,RY,other,2026-10-05T21:14:17Z,1,active,0,pending,,,,,,,,,,,,2026-10-06T03:03:50Z,label-v1
QCOM-20261005T211417Z/BNY,QCOM-20261005T211417Z,control,BNY,other,2026-10-05T21:14:17Z,1,active,0,pending,,,,,,,,,,,,2026-10-06T03:03:50Z,label-v1
ALEC-20261005T234112Z,ALEC-20261005T234112Z,candidate,ALEC,other,2026-10-05T23:41:12Z,1,active,0,real_news,,,1,,,,,,,"8-K 2026-10-05T11:00 1.01,2.02,7.01,8.01,9.01 (news)",,2026-10-06T03:03:50Z,label-v1
ALEC-20261005T234112Z/WDH,ALEC-20261005T234112Z,control,WDH,other,2026-10-05T23:41:12Z,1,active,0,pending,,,,,,,,,,,,2026-10-06T03:03:50Z,label-v1
ALEC-20261005T234112Z/INO,ALEC-20261005T234112Z,control,INO,other,2026-10-05T23:41:12Z,1,active,0,pending,,,,,,,,,,,,2026-10-06T03:03:50Z,label-v1
IWM-20261006T005958Z,IWM-20261006T005958Z,candidate,IWM,other,2026-10-06T00:59:58Z,1,active,0,pending,,,0,,,,,,,,,2026-10-06T03:03:50Z,label-v1
IWM-20261006T005958Z/RJF,IWM-20261006T005958Z,control,RJF,other,2026-10-06T00:59:58Z,1,active,0,pending,,,,,,,,,,,,2026-10-06T03:03:50Z,label-v1
IWM-20261006T005958Z/ITIC,IWM-20261006T005958Z,control,ITIC,other,2026-10-06T00:59:58Z,1,active,0,pending,,,,,,,,,,,,2026-10-06T03:03:50Z,label-v1
