snapshot_id,episode_id,role,ticker,session,k,open,high,low,close,volume,adj_factor,collected_at,collected_at_utc,track_version
DRTS-20261004T232358Z,DRTS-20261004T232358Z,candidate,DRTS,2026-10-05,1,14.9,15.0399,14.68,14.89,341065,1.0,1791235134.387,2026-10-05T21:18:54Z,track-v1
DRTS-20261004T232358Z/BCSF,DRTS-20261004T232358Z,control,BCSF,2026-10-05,1,11.05,11.245,10.89,10.9,578950,1.0,1791235134.681,2026-10-05T21:18:54Z,track-v1
DRTS-20261004T232358Z/NCNO,DRTS-20261004T232358Z,control,NCNO,2026-10-05,1,18.69,19.34,18.59,19.28,1658881,1.0,1791235135.128,2026-10-05T21:18:55Z,track-v1
VST-20261005T041528Z,VST-20261005T041528Z,candidate,VST,2026-10-05,1,144.04,146.9,140.9,144.89,10751775,1.0,1791235135.591,2026-10-05T21:18:55Z,track-v1
VST-20261005T041528Z/MMM,VST-20261005T041528Z,control,MMM,2026-10-05,1,161.34,163.56,159.92,163.19,2338106,1.0,1791235136.095,2026-10-05T21:18:56Z,track-v1
VST-20261005T041528Z/STRF,VST-20261005T041528Z,control,STRF,2026-10-05,1,103.5,104.0,103.3,103.4,77626,1.0,1791235136.604,2026-10-05T21:18:56Z,track-v1
PMI-20261005T135516Z,PMI-20261005T135516Z,candidate,PMI,2026-10-05,1,6.15,7.2,5.56,6.93,896159,1.0,1791235137.109,2026-10-05T21:18:57Z,track-v1
PMI-20261005T135516Z/DTST,PMI-20261005T135516Z,control,DTST,2026-10-05,1,3.3246,3.45,3.3246,3.39,10999,1.0,1791235137.606,2026-10-05T21:18:57Z,track-v1
PMI-20261005T135516Z/ARBB,PMI-20261005T135516Z,control,ARBB,2026-10-05,1,4.49,4.49,4.48,4.48,4156,1.0,1791235138.102,2026-10-05T21:18:58Z,track-v1
SDEV-20261005T140916Z,SDEV-20261005T140916Z,candidate,SDEV,2026-10-05,1,9.71,9.82,3.25,3.94,83395056,1.0,1791235138.614,2026-10-05T21:18:58Z,track-v1
SDEV-20261005T140916Z/RILYL,SDEV-20261005T140916Z,control,RILYL,2026-10-05,1,10.62,10.63,10.4237,10.63,753,1.0,1791235139.099,2026-10-05T21:18:59Z,track-v1
SDEV-20261005T140916Z/PFLT,SDEV-20261005T140916Z,control,PFLT,2026-10-05,1,6.86,6.92,6.77,6.78,924119,1.0,1791235139.597,2026-10-05T21:18:59Z,track-v1
APLD-20261005T142311Z,APLD-20261005T142311Z,candidate,APLD,2026-10-05,1,25.55,25.63,24.22,24.7,23628529,1.0,1791235140.103,2026-10-05T21:19:00Z,track-v1
APLD-20261005T142311Z/SNN,APLD-20261005T142311Z,control,SNN,2026-10-05,1,26.47,27.0,26.46,26.92,1874093,1.0,1791235140.606,2026-10-05T21:19:00Z,track-v1
APLD-20261005T142311Z/LTH,APLD-20261005T142311Z,control,LTH,2026-10-05,1,40.87,41.055,39.925,40.06,2417118,1.0,1791235141.397,2026-10-05T21:19:01Z,track-v1
SPCX-20261005T145105Z,SPCX-20261005T145105Z,candidate,SPCX,2026-10-05,1,158.985,172.47,158.62,171.09,134420923,1.0,1791235141.683,2026-10-05T21:19:01Z,track-v1
SPCX-20261005T145105Z/PPG,SPCX-20261005T145105Z,control,PPG,2026-10-05,1,105.06,105.95,103.96,105.27,1588572,1.0,1791235142.172,2026-10-05T21:19:02Z,track-v1
SPCX-20261005T145105Z/TEL,SPCX-20261005T145105Z,control,TEL,2026-10-05,1,219.4,221.16,218.21,218.93,1156976,1.0,1791235142.684,2026-10-05T21:19:02Z,track-v1
TSM-20261005T151858Z,TSM-20261005T151858Z,candidate,TSM,2026-10-05,1,478.77,487.46,476.4,485.8,10881005,1.0,1791235143.286,2026-10-05T21:19:03Z,track-v1
TSM-20261005T151858Z/SAIA,TSM-20261005T151858Z,control,SAIA,2026-10-05,1,351.18,356.56,340.275,346.14,418144,1.0,1791235143.678,2026-10-05T21:19:03Z,track-v1
TSM-20261005T151858Z/MYRG,TSM-20261005T151858Z,control,MYRG,2026-10-05,1,304.29,307.77,298.88,302.65,183452,1.0,1791235144.199,2026-10-05T21:19:04Z,track-v1
VEEA-20261005T153302Z,VEEA-20261005T153302Z,candidate,VEEA,2026-10-05,1,5.36,6.7799,4.66,5.72,66268980,1.0,1791235144.725,2026-10-05T21:19:04Z,track-v1
VEEA-20261005T153302Z/MPU,VEEA-20261005T153302Z,control,MPU,2026-10-05,1,2.6,2.6,2.6,2.6,1140,1.0,1791235145.176,2026-10-05T21:19:05Z,track-v1
VEEA-20261005T153302Z/FIEE,VEEA-20261005T153302Z,control,FIEE,2026-10-05,1,3.625,3.69,3.625,3.69,4750,1.0,1791235145.684,2026-10-05T21:19:05Z,track-v1
GME-20261005T162454Z,GME-20261005T162454Z,candidate,GME,2026-10-05,1,24.97,25.775,24.77,25.24,11907122,1.0,1791235146.323,2026-10-05T21:19:06Z,track-v1
GME-20261005T162454Z/SOBO,GME-20261005T162454Z,control,SOBO,2026-10-05,1,33.74,34.07,33.43,33.94,1084360,1.0,1791235146.683,2026-10-05T21:19:06Z,track-v1
GME-20261005T162454Z/BEN,GME-20261005T162454Z,control,BEN,2026-10-05,1,32.8,33.28,32.3,32.88,3363286,1.0,1791235147.174,2026-10-05T21:19:07Z,track-v1
DELL-20261005T163855Z,DELL-20261005T163855Z,candidate,DELL,2026-10-05,1,557.01,560.1,546.0,552.29,4171010,1.0,1791235147.702,2026-10-05T21:19:07Z,track-v1
DELL-20261005T163855Z/ADI,DELL-20261005T163855Z,control,ADI,2026-10-05,1,417.62,419.33,409.645,419.1,2130351,1.0,1791235148.18,2026-10-05T21:19:08Z,track-v1
DELL-20261005T163855Z/PWR,DELL-20261005T163855Z,control,PWR,2026-10-05,1,676.75,692.895,669.32,683.42,934355,1.0,1791235148.681,2026-10-05T21:19:08Z,track-v1
IREN-20261005T174934Z,IREN-20261005T174934Z,candidate,IREN,2026-10-05,1,41.995,42.2,39.965,40.48,32756826,1.0,1791235149.187,2026-10-05T21:19:09Z,track-v1
IREN-20261005T174934Z/NI,IREN-20261005T174934Z,control,NI,2026-10-05,1,39.5,39.835,39.265,39.55,4072915,1.0,1791235149.676,2026-10-05T21:19:09Z,track-v1
IREN-20261005T174934Z/AMRZ,IREN-20261005T174934Z,control,AMRZ,2026-10-05,1,36.84,37.315,36.68,37.2,2124687,1.0,1791235150.199,2026-10-05T21:19:10Z,track-v1
DRTS-20261004T232358Z,DRTS-20261004T232358Z,candidate,DRTS,2026-10-06,2,14.975,15.02,14.4,14.48,427004,1.0,1791327181.842,2026-10-06T22:53:01Z,track-v1
DRTS-20261004T232358Z/BCSF,DRTS-20261004T232358Z,control,BCSF,2026-10-06,2,10.98,11.0,10.82,10.82,477543,1.0,1791327182.008,2026-10-06T22:53:02Z,track-v1
DRTS-20261004T232358Z/NCNO,DRTS-20261004T232358Z,control,NCNO,2026-10-06,2,19.39,19.58,18.895,19.12,1512393,1.0,1791327182.574,2026-10-06T22:53:02Z,track-v1
VST-20261005T041528Z,VST-20261005T041528Z,candidate,VST,2026-10-06,2,151.47,162.69,151.44,160.5,18086592,1.0,1791327183.238,2026-10-06T22:53:03Z,track-v1
VST-20261005T041528Z/MMM,VST-20261005T041528Z,control,MMM,2026-10-06,2,163.58,164.3,161.5,163.64,2412465,1.0,1791327183.435,2026-10-06T22:53:03Z,track-v1
VST-20261005T041528Z/STRF,VST-20261005T041528Z,control,STRF,2026-10-06,2,103.69,103.69,103.4,103.42,24917,1.0,1791327183.983,2026-10-06T22:53:03Z,track-v1
PMI-20261005T135516Z,PMI-20261005T135516Z,candidate,PMI,2026-10-06,2,6.8,9.0,6.7,8.74,911113,1.0,1791327184.483,2026-10-06T22:53:04Z,track-v1
PMI-20261005T135516Z/DTST,PMI-20261005T135516Z,control,DTST,2026-10-06,2,3.45,3.45,3.2806,3.43,22693,1.0,1791327184.98,2026-10-06T22:53:04Z,track-v1
PMI-20261005T135516Z/ARBB,PMI-20261005T135516Z,control,ARBB,2026-10-06,2,4.48,4.48,4.48,4.48,1282,1.0,1791327185.5,2026-10-06T22:53:05Z,track-v1
SDEV-20261005T140916Z,SDEV-20261005T140916Z,candidate,SDEV,2026-10-06,2,3.48,4.4299,3.035,3.25,63531609,1.0,1791327186.068,2026-10-06T22:53:06Z,track-v1
SDEV-20261005T140916Z/RILYL,SDEV-20261005T140916Z,control,RILYL,2026-10-06,2,10.525,10.525,9.5001,9.6,20268,1.0,1791327186.482,2026-10-06T22:53:06Z,track-v1
SDEV-20261005T140916Z/PFLT,SDEV-20261005T140916Z,control,PFLT,2026-10-06,2,6.81,6.83,6.72,6.73,822664,1.0,1791327187.197,2026-10-06T22:53:07Z,track-v1
APLD-20261005T142311Z,APLD-20261005T142311Z,candidate,APLD,2026-10-06,2,25.21,25.89,24.815,25.34,22505832,1.0,1791327187.715,2026-10-06T22:53:07Z,track-v1
APLD-20261005T142311Z/SNN,APLD-20261005T142311Z,control,SNN,2026-10-06,2,27.1,27.13,26.68,26.87,1602376,1.0,1791327188.023,2026-10-06T22:53:08Z,track-v1
APLD-20261005T142311Z/LTH,APLD-20261005T142311Z,control,LTH,2026-10-06,2,40.22,40.82,39.995,40.38,1852510,1.0,1791327188.544,2026-10-06T22:53:08Z,track-v1
SPCX-20261005T145105Z,SPCX-20261005T145105Z,candidate,SPCX,2026-10-06,2,172.095,176.42,171.385,171.92,104751562,1.0,1791327189.219,2026-10-06T22:53:09Z,track-v1
SPCX-20261005T145105Z/PPG,SPCX-20261005T145105Z,control,PPG,2026-10-06,2,105.95,106.86,105.598,106.52,1348030,1.0,1791327189.484,2026-10-06T22:53:09Z,track-v1
SPCX-20261005T145105Z/TEL,SPCX-20261005T145105Z,control,TEL,2026-10-06,2,221.98,223.47,219.12,219.51,1393868,1.0,1791327189.989,2026-10-06T22:53:09Z,track-v1
TSM-20261005T151858Z,TSM-20261005T151858Z,candidate,TSM,2026-10-06,2,484.23,486.0,481.48,482.3,8328553,1.0,1791327190.51,2026-10-06T22:53:10Z,track-v1
TSM-20261005T151858Z/SAIA,TSM-20261005T151858Z,control,SAIA,2026-10-06,2,348.6,352.63,338.405,341.65,344868,1.0,1791327190.993,2026-10-06T22:53:10Z,track-v1
TSM-20261005T151858Z/MYRG,TSM-20261005T151858Z,control,MYRG,2026-10-06,2,314.51,329.64,314.49,324.51,278191,1.0,1791327191.506,2026-10-06T22:53:11Z,track-v1
VEEA-20261005T153302Z,VEEA-20261005T153302Z,candidate,VEEA,2026-10-06,2,4.89,5.2699,4.46,4.94,1794963,1.0,1791327191.988,2026-10-06T22:53:11Z,track-v1
VEEA-20261005T153302Z/MPU,VEEA-20261005T153302Z,control,MPU,2026-10-06,2,2.75,2.75,2.69,2.75,1744,1.0,1791327192.484,2026-10-06T22:53:12Z,track-v1
VEEA-20261005T153302Z/FIEE,VEEA-20261005T153302Z,control,FIEE,2026-10-06,2,3.6001,3.6001,3.6,3.6,1631,1.0,1791327193.372,2026-10-06T22:53:13Z,track-v1
GME-20261005T162454Z,GME-20261005T162454Z,candidate,GME,2026-10-06,2,25.035,25.195,24.47,24.76,8241678,1.0,1791327193.485,2026-10-06T22:53:13Z,track-v1
GME-20261005T162454Z/SOBO,GME-20261005T162454Z,control,SOBO,2026-10-06,2,33.76,34.54,33.715,34.15,537449,1.0,1791327193.989,2026-10-06T22:53:13Z,track-v1
GME-20261005T162454Z/BEN,GME-20261005T162454Z,control,BEN,2026-10-06,2,32.98,33.075,32.42,32.44,4847981,1.0,1791327194.578,2026-10-06T22:53:14Z,track-v1
DELL-20261005T163855Z,DELL-20261005T163855Z,candidate,DELL,2026-10-06,2,561.775,587.19,561.775,574.0,5389831,1.0,1791327195.169,2026-10-06T22:53:15Z,track-v1
DELL-20261005T163855Z/ADI,DELL-20261005T163855Z,control,ADI,2026-10-06,2,421.1,422.67,417.19,420.55,2262933,1.0,1791327195.498,2026-10-06T22:53:15Z,track-v1
DELL-20261005T163855Z/PWR,DELL-20261005T163855Z,control,PWR,2026-10-06,2,689.9,722.21,685.95,719.56,1132545,1.0,1791327196.01,2026-10-06T22:53:16Z,track-v1
IREN-20261005T174934Z,IREN-20261005T174934Z,candidate,IREN,2026-10-06,2,40.88,42.1777,40.5,41.28,35584234,1.0,1791327196.529,2026-10-06T22:53:16Z,track-v1
IREN-20261005T174934Z/NI,IREN-20261005T174934Z,control,NI,2026-10-06,2,40.25,40.695,39.59,40.67,6008358,1.0,1791327197.013,2026-10-06T22:53:17Z,track-v1
IREN-20261005T174934Z/AMRZ,IREN-20261005T174934Z,control,AMRZ,2026-10-06,2,37.32,37.755,37.165,37.28,2549532,1.0,1791327197.51,2026-10-06T22:53:17Z,track-v1
MSFT-20261005T211417Z,MSFT-20261005T211417Z,candidate,MSFT,2026-10-06,1,531.68,535.69,528.82,529.3,20942112,1.0,1791327198.062,2026-10-06T22:53:18Z,track-v1
MSFT-20261005T211417Z/MDGL,MSFT-20261005T211417Z,control,MDGL,2026-10-06,1,497.08,504.06,478.71,496.45,330278,1.0,1791327198.499,2026-10-06T22:53:18Z,track-v1
MSFT-20261005T211417Z/WAT,MSFT-20261005T211417Z,control,WAT,2026-10-06,1,445.74,454.495,431.615,436.43,1056725,1.0,1791327199.031,2026-10-06T22:53:19Z,track-v1
QCOM-20261005T211417Z,QCOM-20261005T211417Z,candidate,QCOM,2026-10-06,1,182.03,183.09,179.331,181.03,8210457,1.0,1791327199.595,2026-10-06T22:53:19Z,track-v1
QCOM-20261005T211417Z/RY,QCOM-20261005T211417Z,control,RY,2026-10-06,1,195.89,197.13,195.4,196.35,780296,1.0,1791327200.126,2026-10-06T22:53:20Z,track-v1
QCOM-20261005T211417Z/BNY,QCOM-20261005T211417Z,control,BNY,2026-10-06,1,144.11,144.84,142.76,143.73,2352821,1.0,1791327200.709,2026-10-06T22:53:20Z,track-v1
ALEC-20261005T234112Z,ALEC-20261005T234112Z,candidate,ALEC,2026-10-06,1,2.08,2.2292,1.75,1.81,10094506,1.0,1791327201.116,2026-10-06T22:53:21Z,track-v1
ALEC-20261005T234112Z/WDH,ALEC-20261005T234112Z,control,WDH,2026-10-06,1,1.01,1.03,1.02,1.02,198967,1.0,1791327201.5,2026-10-06T22:53:21Z,track-v1
ALEC-20261005T234112Z/INO,ALEC-20261005T234112Z,control,INO,2026-10-06,1,1.141,1.17,1.12,1.13,2008165,1.0,1791327202.246,2026-10-06T22:53:22Z,track-v1
IWM-20261006T005958Z,IWM-20261006T005958Z,candidate,IWM,2026-10-06,1,284.4,284.64,280.76,281.34,21803061,1.0,1791327202.675,2026-10-06T22:53:22Z,track-v1
IWM-20261006T005958Z/RJF,IWM-20261006T005958Z,control,RJF,2026-10-06,1,161.09,162.17,159.352,159.43,976769,1.0,1791327202.946,2026-10-06T22:53:22Z,track-v1
IWM-20261006T005958Z/ITIC,IWM-20261006T005958Z,control,ITIC,2026-10-06,1,293.39,296.78,292.01,293.23,17772,1.0,1791327203.494,2026-10-06T22:53:23Z,track-v1
MSTR-20261006T081750Z,MSTR-20261006T081750Z,candidate,MSTR,2026-10-06,1,165.82,168.73,163.18,164.55,17800689,1.0,1791327204.091,2026-10-06T22:53:24Z,track-v1
MSTR-20261006T081750Z/LOW,MSTR-20261006T081750Z,control,LOW,2026-10-06,1,179.74,184.2,179.72,183.67,2702704,1.0,1791327204.431,2026-10-06T22:53:24Z,track-v1
MSTR-20261006T081750Z/APD,MSTR-20261006T081750Z,control,APD,2026-10-06,1,280.43,282.28,279.31,281.0,806821,1.0,1791327204.961,2026-10-06T22:53:24Z,track-v1
QQQ-20261006T114943Z,QQQ-20261006T114943Z,candidate,QQQ,2026-10-06,1,760.54,762.86,759.1,759.66,26242293,1.0,1791327205.55,2026-10-06T22:53:25Z,track-v1
QQQ-20261006T114943Z/REGN,QQQ-20261006T114943Z,control,REGN,2026-10-06,1,734.61,740.51,727.155,738.72,615037,1.0,1791327205.942,2026-10-06T22:53:25Z,track-v1
QQQ-20261006T114943Z/ETN,QQQ-20261006T114943Z,control,ETN,2026-10-06,1,436.4,446.7,434.02,445.09,1592915,1.0,1791327206.528,2026-10-06T22:53:26Z,track-v1
CEG-20261006T133604Z,CEG-20261006T133604Z,candidate,CEG,2026-10-06,1,291.11,309.8,291.11,300.4,13363800,1.0,1791327207.032,2026-10-06T22:53:27Z,track-v1
CEG-20261006T133604Z/LOW,CEG-20261006T133604Z,control,LOW,2026-10-06,1,179.74,184.2,179.72,183.67,2702704,1.0,1791327207.548,2026-10-06T22:53:27Z,track-v1
CEG-20261006T133604Z/SCCO,CEG-20261006T133604Z,control,SCCO,2026-10-06,1,206.425,207.02,199.22,204.26,1048332,1.0,1791327207.948,2026-10-06T22:53:27Z,track-v1
MRVL-20261006T133604Z,MRVL-20261006T133604Z,candidate,MRVL,2026-10-06,1,271.255,301.27,267.26,287.01,51007305,1.0,1791327208.655,2026-10-06T22:53:28Z,track-v1
MRVL-20261006T133604Z/VRTX,MRVL-20261006T133604Z,control,VRTX,2026-10-06,1,505.0,507.41,496.325,502.31,774974,1.0,1791327209.046,2026-10-06T22:53:29Z,track-v1
MRVL-20261006T133604Z/ADI,MRVL-20261006T133604Z,control,ADI,2026-10-06,1,421.1,422.67,417.19,420.55,2262933,1.0,1791327209.602,2026-10-06T22:53:29Z,track-v1
CRWV-20261006T134951Z,CRWV-20261006T134951Z,candidate,CRWV,2026-10-06,1,88.6,93.205,88.6,91.72,31927260,1.0,1791327210.012,2026-10-06T22:53:30Z,track-v1
CRWV-20261006T134951Z/RYAAY,CRWV-20261006T134951Z,control,RYAAY,2026-10-06,1,55.55,56.1,55.295,55.865,1294768,1.0,1791327210.583,2026-10-06T22:53:30Z,track-v1
CRWV-20261006T134951Z/EW,CRWV-20261006T134951Z,control,EW,2026-10-06,1,87.54,87.875,85.94,86.48,3383218,1.0,1791327211.098,2026-10-06T22:53:31Z,track-v1
NVAX-20261006T134951Z,NVAX-20261006T134951Z,candidate,NVAX,2026-10-06,1,12.36,13.33,10.88,11.32,19372872,1.0,1791327211.701,2026-10-06T22:53:31Z,track-v1
NVAX-20261006T134951Z/ARQT,NVAX-20261006T134951Z,control,ARQT,2026-10-06,1,25.235,25.37,23.885,23.92,2471525,1.0,1791327212.086,2026-10-06T22:53:32Z,track-v1
NVAX-20261006T134951Z/IMTX,NVAX-20261006T134951Z,control,IMTX,2026-10-06,1,7.76,7.81,7.47,7.5,974370,1.0,1791327212.639,2026-10-06T22:53:32Z,track-v1
MRNA-20261006T140251Z,MRNA-20261006T140251Z,candidate,MRNA,2026-10-06,1,202.13,212.19,186.74,187.46,18739529,1.0,1791327213.366,2026-10-06T22:53:33Z,track-v1
MRNA-20261006T140251Z/FNV,MRNA-20261006T140251Z,control,FNV,2026-10-06,1,241.69,246.57,239.429,243.98,670814,1.0,1791327213.584,2026-10-06T22:53:33Z,track-v1
MRNA-20261006T140251Z/PCAR,MRNA-20261006T140251Z,control,PCAR,2026-10-06,1,109.18,110.325,108.71,109.32,3080191,1.0,1791327214.091,2026-10-06T22:53:34Z,track-v1
NVDA-20261006T140251Z,NVDA-20261006T140251Z,candidate,NVDA,2026-10-06,1,242.08,243.37,238.93,239.24,100677088,1.0,1791327214.585,2026-10-06T22:53:34Z,track-v1
NVDA-20261006T140251Z/THG,NVDA-20261006T140251Z,control,THG,2026-10-06,1,219.35,222.555,219.26,220.04,247242,1.0,1791327215.088,2026-10-06T22:53:35Z,track-v1
NVDA-20261006T140251Z/JKHY,NVDA-20261006T140251Z,control,JKHY,2026-10-06,1,144.22,145.765,143.76,144.43,602964,1.0,1791327215.786,2026-10-06T22:53:35Z,track-v1
AMD-20261006T145548Z,AMD-20261006T145548Z,candidate,AMD,2026-10-06,1,648.04,658.52,628.0,649.42,24147205,1.0,1791327216.086,2026-10-06T22:53:36Z,track-v1
AMD-20261006T145548Z/GS,AMD-20261006T145548Z,control,GS,2026-10-06,1,901.57,905.94,896.0,897.18,2048725,1.0,1791327216.587,2026-10-06T22:53:36Z,track-v1
AMD-20261006T145548Z/NEU,AMD-20261006T145548Z,control,NEU,2026-10-06,1,927.94,928.85,909.56,926.28,141981,1.0,1791327217.118,2026-10-06T22:53:37Z,track-v1
NOK-20261006T154900Z,NOK-20261006T154900Z,candidate,NOK,2026-10-06,1,10.31,10.985,10.26,10.97,89196650,1.0,1791327217.694,2026-10-06T22:53:37Z,track-v1
NOK-20261006T154900Z/VOD,NOK-20261006T154900Z,control,VOD,2026-10-06,1,16.58,16.66,16.42,16.53,3399019,1.0,1791327218.086,2026-10-06T22:53:38Z,track-v1
NOK-20261006T154900Z/NWG,NOK-20261006T154900Z,control,NWG,2026-10-06,1,17.65,17.8,17.635,17.67,4467997,1.0,1791327218.599,2026-10-06T22:53:38Z,track-v1
VOO-20261006T161553Z,VOO-20261006T161553Z,candidate,VOO,2026-10-06,1,715.21,718.46,715.09,716.2,4559216,1.0,1791327219.106,2026-10-06T22:53:39Z,track-v1
VOO-20261006T161553Z/EG,VOO-20261006T161553Z,control,EG,2026-10-06,1,365.97,371.835,364.81,366.84,287160,1.0,1791327219.439,2026-10-06T22:53:39Z,track-v1
VOO-20261006T161553Z/SNA,VOO-20261006T161553Z,control,SNA,2026-10-06,1,368.43,371.717,367.565,368.61,220417,1.0,1791327220.111,2026-10-06T22:53:40Z,track-v1
HTZ-20261006T164306Z,HTZ-20261006T164306Z,candidate,HTZ,2026-10-06,1,1.815,2.12,1.8,2.06,42738244,1.0,1791327220.501,2026-10-06T22:53:40Z,track-v1
HTZ-20261006T164306Z/RR,HTZ-20261006T164306Z,control,RR,2026-10-06,1,1.74,1.75,1.66,1.67,3813470,1.0,1791327220.978,2026-10-06T22:53:40Z,track-v1
HTZ-20261006T164306Z/VTEX,HTZ-20261006T164306Z,control,VTEX,2026-10-06,1,3.76,3.855,3.74,3.8,636351,1.0,1791327221.605,2026-10-06T22:53:41Z,track-v1
INFQ-20261006T164306Z,INFQ-20261006T164306Z,candidate,INFQ,2026-10-06,1,12.88,13.19,12.475,12.54,5691779,1.0,1791327222.002,2026-10-06T22:53:42Z,track-v1
INFQ-20261006T164306Z/RWTO,INFQ-20261006T164306Z,control,RWTO,2026-10-06,1,21.73,22.78,20.99,21.68,26610,1.0,1791327222.524,2026-10-06T22:53:42Z,track-v1
INFQ-20261006T164306Z/SPNT,INFQ-20261006T164306Z,control,SPNT,2026-10-06,1,24.84,25.03,24.425,24.61,907116,1.0,1791327223.433,2026-10-06T22:53:43Z,track-v1
SPY-20261006T170839Z,SPY-20261006T170839Z,candidate,SPY,2026-10-06,1,778.15,781.62,777.96,779.09,36017885,1.0,1791327223.778,2026-10-06T22:53:43Z,track-v1
SPY-20261006T170839Z/DE,SPY-20261006T170839Z,control,DE,2026-10-06,1,684.1,692.83,680.12,682.79,761018,1.0,1791327224.089,2026-10-06T22:53:44Z,track-v1
SPY-20261006T170839Z/UI,SPY-20261006T170839Z,control,UI,2026-10-06,1,614.73,629.0,609.75,626.48,103557,1.0,1791327224.63,2026-10-06T22:53:44Z,track-v1
CIRC-20261006T172144Z,CIRC-20261006T172144Z,candidate,CIRC,2026-10-06,1,0.5999,0.7,0.4364,0.496,11986441,1.0,1791327225.129,2026-10-06T22:53:45Z,track-v1
CIRC-20261006T172144Z/GCL,CIRC-20261006T172144Z,control,GCL,2026-10-06,1,0.77,0.8322,0.7472,0.7835,235200,1.0,1791327225.778,2026-10-06T22:53:45Z,track-v1
CIRC-20261006T172144Z/TEAD,CIRC-20261006T172144Z,control,TEAD,2026-10-06,1,0.588,0.598,0.5517,0.5651,137179,1.0,1791327226.146,2026-10-06T22:53:46Z,track-v1
PENG-20261006T180149Z,PENG-20261006T180149Z,candidate,PENG,2026-10-06,1,61.6,64.58,56.6,64.21,15119105,1.0,1791327226.746,2026-10-06T22:53:46Z,track-v1
PENG-20261006T180149Z/CXT,PENG-20261006T180149Z,control,CXT,2026-10-06,1,49.43,50.17,49.21,49.77,416928,1.0,1791327227.129,2026-10-06T22:53:47Z,track-v1
PENG-20261006T180149Z/YETI,PENG-20261006T180149Z,control,YETI,2026-10-06,1,40.72,40.73,39.8107,40.25,2275501,1.0,1791327227.837,2026-10-06T22:53:47Z,track-v1
OKLO-20261006T181453Z,OKLO-20261006T181453Z,candidate,OKLO,2026-10-06,1,37.37,39.2999,37.0,38.55,16715149,1.0,1791327228.151,2026-10-06T22:53:48Z,track-v1
OKLO-20261006T181453Z/INGM,OKLO-20261006T181453Z,control,INGM,2026-10-06,1,27.86,28.35,27.83,28.17,1055597,1.0,1791327228.629,2026-10-06T22:53:48Z,track-v1
OKLO-20261006T181453Z/BRX,OKLO-20261006T181453Z,control,BRX,2026-10-06,1,27.15,27.495,27.09,27.46,3336336,1.0,1791327229.267,2026-10-06T22:53:49Z,track-v1
INTC-20261006T182821Z,INTC-20261006T182821Z,candidate,INTC,2026-10-06,1,117.06,118.2,112.1,112.5,101146493,1.0,1791327229.754,2026-10-06T22:53:49Z,track-v1
INTC-20261006T182821Z/BANF,INTC-20261006T182821Z,control,BANF,2026-10-06,1,108.16,108.99,106.35,106.79,107326,1.0,1791327230.13,2026-10-06T22:53:50Z,track-v1
INTC-20261006T182821Z/HLI,INTC-20261006T182821Z,control,HLI,2026-10-06,1,128.3,129.53,127.495,127.94,757256,1.0,1791327230.665,2026-10-06T22:53:50Z,track-v1
SKHY-20261006T185459Z,SKHY-20261006T185459Z,candidate,SKHY,2026-10-06,1,191.48,191.84,180.93,182.56,21613816,1.0,1791327231.418,2026-10-06T22:53:51Z,track-v1
SKHY-20261006T185459Z/OPY,SKHY-20261006T185459Z,control,OPY,2026-10-06,1,122.07,125.48,120.58,120.58,99737,1.0,1791327231.677,2026-10-06T22:53:51Z,track-v1
SKHY-20261006T185459Z/WDFC,SKHY-20261006T185459Z,control,WDFC,2026-10-06,1,207.24,207.24,204.115,204.17,82102,1.0,1791327232.31,2026-10-06T22:53:52Z,track-v1
AVGO-20261006T193424Z,AVGO-20261006T193424Z,candidate,AVGO,2026-10-06,1,366.85,380.84,364.01,375.81,30710804,1.0,1791327232.807,2026-10-06T22:53:52Z,track-v1
AVGO-20261006T193424Z/HUBB,AVGO-20261006T193424Z,control,HUBB,2026-10-06,1,483.51,492.63,482.0,485.41,504080,1.0,1791327233.165,2026-10-06T22:53:53Z,track-v1
AVGO-20261006T193424Z/SLAB,AVGO-20261006T193424Z,control,SLAB,2026-10-06,1,222.66,223.053,222.53,222.62,159493,1.0,1791327233.762,2026-10-06T22:53:53Z,track-v1
