snapshot_id,episode_id,role,ticker,form,accepted_at_utc,items,k,collected_at,collected_at_utc,track_version
DRTS-20261004T232358Z/NCNO,DRTS-20261004T232358Z,control,NCNO,144,2026-10-05T18:08:40Z,,1,1791235135.128,2026-10-05T21:18:55Z,track-v1
VST-20261005T041528Z/STRF,VST-20261005T041528Z,control,STRF,DEFA14A,2026-10-05T12:02:48Z,,1,1791235136.604,2026-10-05T21:18:56Z,track-v1
VST-20261005T041528Z/STRF,VST-20261005T041528Z,control,STRF,8-K,2026-10-05T12:00:15Z,"7.01,8.01",1,1791235136.604,2026-10-05T21:18:56Z,track-v1
VST-20261005T041528Z/STRF,VST-20261005T041528Z,control,STRF,DEF 14A,2026-10-05T11:55:17Z,,1,1791235136.604,2026-10-05T21:18:56Z,track-v1
VEEA-20261005T153302Z/FIEE,VEEA-20261005T153302Z,control,FIEE,3,2026-10-05T20:15:46Z,,2,1791235145.684,2026-10-05T21:19:05Z,track-v1
GME-20261005T162454Z,GME-20261005T162454Z,candidate,GME,144,2026-10-05T20:42:40Z,,2,1791235146.323,2026-10-05T21:19:06Z,track-v1
GME-20261005T162454Z/BEN,GME-20261005T162454Z,control,BEN,4,2026-10-05T18:01:24Z,,1,1791235147.174,2026-10-05T21:19:07Z,track-v1
GME-20261005T162454Z/BEN,GME-20261005T162454Z,control,BEN,4,2026-10-05T18:00:25Z,,1,1791235147.174,2026-10-05T21:19:07Z,track-v1
DELL-20261005T163855Z,DELL-20261005T163855Z,candidate,DELL,4,2026-10-05T20:08:33Z,,2,1791235147.702,2026-10-05T21:19:07Z,track-v1
DELL-20261005T163855Z/ADI,DELL-20261005T163855Z,control,ADI,4,2026-10-05T20:26:10Z,,2,1791235148.18,2026-10-05T21:19:08Z,track-v1
DELL-20261005T163855Z/ADI,DELL-20261005T163855Z,control,ADI,4,2026-10-05T20:28:30Z,,2,1791235148.18,2026-10-05T21:19:08Z,track-v1
DELL-20261005T163855Z/ADI,DELL-20261005T163855Z,control,ADI,4,2026-10-05T20:25:31Z,,2,1791235148.18,2026-10-05T21:19:08Z,track-v1
VST-20261005T041528Z/STRF,VST-20261005T041528Z,control,STRF,DEFA14A,2026-10-05T21:25:10Z,,2,1791240342.952,2026-10-05T22:45:42Z,track-v1
APLD-20261005T142311Z,APLD-20261005T142311Z,candidate,APLD,4,2026-10-05T22:57:09Z,,2,1791253849.019,2026-10-06T02:30:49Z,track-v1
GME-20261005T162454Z,GME-20261005T162454Z,candidate,GME,4,2026-10-05T23:17:25Z,,2,1791253855.156,2026-10-06T02:30:55Z,track-v1
GME-20261005T162454Z,GME-20261005T162454Z,candidate,GME,4,2026-10-05T23:16:59Z,,2,1791253855.156,2026-10-06T02:30:55Z,track-v1
DRTS-20261004T232358Z/NCNO,DRTS-20261004T232358Z,control,NCNO,144,2026-10-05T22:08:40Z,,2,1791327182.574,2026-10-06T22:53:02Z,track-v1
VST-20261005T041528Z,VST-20261005T041528Z,candidate,VST,144,2026-10-06T21:59:44Z,,3,1791327183.238,2026-10-06T22:53:03Z,track-v1
VST-20261005T041528Z/STRF,VST-20261005T041528Z,control,STRF,DEFA14A,2026-10-06T01:25:10Z,,2,1791327183.983,2026-10-06T22:53:03Z,track-v1
VST-20261005T041528Z/STRF,VST-20261005T041528Z,control,STRF,DEFA14A,2026-10-05T16:02:48Z,,1,1791327183.983,2026-10-06T22:53:03Z,track-v1
VST-20261005T041528Z/STRF,VST-20261005T041528Z,control,STRF,8-K,2026-10-05T16:00:15Z,"7.01,8.01",1,1791327183.983,2026-10-06T22:53:03Z,track-v1
VST-20261005T041528Z/STRF,VST-20261005T041528Z,control,STRF,DEF 14A,2026-10-05T15:55:17Z,,1,1791327183.983,2026-10-06T22:53:03Z,track-v1
PMI-20261005T135516Z,PMI-20261005T135516Z,candidate,PMI,8-K,2026-10-06T16:35:15Z,"2.03,3.02,9.01",2,1791327184.483,2026-10-06T22:53:04Z,track-v1
SDEV-20261005T140916Z,SDEV-20261005T140916Z,candidate,SDEV,S-3/A,2026-10-06T20:40:06Z,,3,1791327186.068,2026-10-06T22:53:06Z,track-v1
SDEV-20261005T140916Z,SDEV-20261005T140916Z,candidate,SDEV,8-K,2026-10-05T16:05:32Z,"2.02,8.01,9.01",1,1791327186.068,2026-10-06T22:53:06Z,track-v1
SDEV-20261005T140916Z/PFLT,SDEV-20261005T140916Z,control,PFLT,8-K,2026-10-06T20:05:16Z,"7.01,9.01",3,1791327187.197,2026-10-06T22:53:07Z,track-v1
APLD-20261005T142311Z,APLD-20261005T142311Z,candidate,APLD,4,2026-10-06T02:57:09Z,,2,1791327187.715,2026-10-06T22:53:07Z,track-v1
APLD-20261005T142311Z/SNN,APLD-20261005T142311Z,control,SNN,25-NSE,2026-10-05T17:39:14Z,,1,1791327188.023,2026-10-06T22:53:08Z,track-v1
VEEA-20261005T153302Z,VEEA-20261005T153302Z,candidate,VEEA,8-K,2026-10-06T21:25:43Z,8.01,3,1791327191.988,2026-10-06T22:53:11Z,track-v1
VEEA-20261005T153302Z/FIEE,VEEA-20261005T153302Z,control,FIEE,3,2026-10-06T00:15:46Z,,2,1791327193.372,2026-10-06T22:53:13Z,track-v1
GME-20261005T162454Z,GME-20261005T162454Z,candidate,GME,4,2026-10-06T03:17:25Z,,2,1791327193.485,2026-10-06T22:53:13Z,track-v1
GME-20261005T162454Z,GME-20261005T162454Z,candidate,GME,4,2026-10-06T03:16:59Z,,2,1791327193.485,2026-10-06T22:53:13Z,track-v1
GME-20261005T162454Z,GME-20261005T162454Z,candidate,GME,144,2026-10-06T00:42:40Z,,2,1791327193.485,2026-10-06T22:53:13Z,track-v1
GME-20261005T162454Z/BEN,GME-20261005T162454Z,control,BEN,4,2026-10-05T22:01:24Z,,2,1791327194.578,2026-10-06T22:53:14Z,track-v1
GME-20261005T162454Z/BEN,GME-20261005T162454Z,control,BEN,4,2026-10-05T22:00:25Z,,2,1791327194.578,2026-10-06T22:53:14Z,track-v1
DELL-20261005T163855Z,DELL-20261005T163855Z,candidate,DELL,4,2026-10-06T00:08:33Z,,2,1791327195.169,2026-10-06T22:53:15Z,track-v1
DELL-20261005T163855Z/ADI,DELL-20261005T163855Z,control,ADI,144,2026-10-06T18:28:15Z,,2,1791327195.498,2026-10-06T22:53:15Z,track-v1
DELL-20261005T163855Z/ADI,DELL-20261005T163855Z,control,ADI,4,2026-10-06T00:28:30Z,,2,1791327195.498,2026-10-06T22:53:15Z,track-v1
DELL-20261005T163855Z/ADI,DELL-20261005T163855Z,control,ADI,4,2026-10-06T00:26:10Z,,2,1791327195.498,2026-10-06T22:53:15Z,track-v1
DELL-20261005T163855Z/ADI,DELL-20261005T163855Z,control,ADI,4,2026-10-06T00:25:31Z,,2,1791327195.498,2026-10-06T22:53:15Z,track-v1
QCOM-20261005T211417Z/RY,QCOM-20261005T211417Z,control,RY,FWP,2026-10-06T19:52:05Z,,1,1791327200.126,2026-10-06T22:53:20Z,track-v1
QCOM-20261005T211417Z/RY,QCOM-20261005T211417Z,control,RY,424B2,2026-10-06T19:49:28Z,,1,1791327200.126,2026-10-06T22:53:20Z,track-v1
QCOM-20261005T211417Z/RY,QCOM-20261005T211417Z,control,RY,424B2,2026-10-06T19:48:56Z,,1,1791327200.126,2026-10-06T22:53:20Z,track-v1
QCOM-20261005T211417Z/RY,QCOM-20261005T211417Z,control,RY,FWP,2026-10-06T19:40:43Z,,1,1791327200.126,2026-10-06T22:53:20Z,track-v1
QCOM-20261005T211417Z/RY,QCOM-20261005T211417Z,control,RY,FWP,2026-10-06T19:40:23Z,,1,1791327200.126,2026-10-06T22:53:20Z,track-v1
QCOM-20261005T211417Z/RY,QCOM-20261005T211417Z,control,RY,424B2,2026-10-06T18:13:13Z,,1,1791327200.126,2026-10-06T22:53:20Z,track-v1
QCOM-20261005T211417Z/RY,QCOM-20261005T211417Z,control,RY,424B2,2026-10-06T18:02:23Z,,1,1791327200.126,2026-10-06T22:53:20Z,track-v1
QCOM-20261005T211417Z/RY,QCOM-20261005T211417Z,control,RY,424B2,2026-10-06T17:59:11Z,,1,1791327200.126,2026-10-06T22:53:20Z,track-v1
QCOM-20261005T211417Z/RY,QCOM-20261005T211417Z,control,RY,424B2,2026-10-06T17:30:30Z,,1,1791327200.126,2026-10-06T22:53:20Z,track-v1
QCOM-20261005T211417Z/RY,QCOM-20261005T211417Z,control,RY,424B2,2026-10-06T16:14:41Z,,1,1791327200.126,2026-10-06T22:53:20Z,track-v1
QCOM-20261005T211417Z/RY,QCOM-20261005T211417Z,control,RY,424B2,2026-10-06T16:09:43Z,,1,1791327200.126,2026-10-06T22:53:20Z,track-v1
QCOM-20261005T211417Z/RY,QCOM-20261005T211417Z,control,RY,424B2,2026-10-06T16:06:04Z,,1,1791327200.126,2026-10-06T22:53:20Z,track-v1
QCOM-20261005T211417Z/RY,QCOM-20261005T211417Z,control,RY,424B2,2026-10-06T16:02:36Z,,1,1791327200.126,2026-10-06T22:53:20Z,track-v1
QCOM-20261005T211417Z/RY,QCOM-20261005T211417Z,control,RY,424B2,2026-10-06T15:59:01Z,,1,1791327200.126,2026-10-06T22:53:20Z,track-v1
QCOM-20261005T211417Z/RY,QCOM-20261005T211417Z,control,RY,424B2,2026-10-06T15:54:12Z,,1,1791327200.126,2026-10-06T22:53:20Z,track-v1
QCOM-20261005T211417Z/RY,QCOM-20261005T211417Z,control,RY,424B2,2026-10-05T21:39:58Z,,1,1791327200.126,2026-10-06T22:53:20Z,track-v1
QCOM-20261005T211417Z/RY,QCOM-20261005T211417Z,control,RY,424B2,2026-10-06T01:06:15Z,,1,1791327200.126,2026-10-06T22:53:20Z,track-v1
QCOM-20261005T211417Z/RY,QCOM-20261005T211417Z,control,RY,424B2,2026-10-06T00:58:19Z,,1,1791327200.126,2026-10-06T22:53:20Z,track-v1
QCOM-20261005T211417Z/RY,QCOM-20261005T211417Z,control,RY,FWP,2026-10-06T00:55:37Z,,1,1791327200.126,2026-10-06T22:53:20Z,track-v1
QCOM-20261005T211417Z/RY,QCOM-20261005T211417Z,control,RY,424B2,2026-10-06T00:50:17Z,,1,1791327200.126,2026-10-06T22:53:20Z,track-v1
QCOM-20261005T211417Z/RY,QCOM-20261005T211417Z,control,RY,FWP,2026-10-06T00:31:47Z,,1,1791327200.126,2026-10-06T22:53:20Z,track-v1
QCOM-20261005T211417Z/RY,QCOM-20261005T211417Z,control,RY,424B2,2026-10-05T23:56:17Z,,1,1791327200.126,2026-10-06T22:53:20Z,track-v1
QCOM-20261005T211417Z/BNY,QCOM-20261005T211417Z,control,BNY,4,2026-10-06T00:20:06Z,,1,1791327200.709,2026-10-06T22:53:20Z,track-v1
QCOM-20261005T211417Z/BNY,QCOM-20261005T211417Z,control,BNY,4,2026-10-06T00:19:32Z,,1,1791327200.709,2026-10-06T22:53:20Z,track-v1
QCOM-20261005T211417Z/BNY,QCOM-20261005T211417Z,control,BNY,4,2026-10-06T00:19:07Z,,1,1791327200.709,2026-10-06T22:53:20Z,track-v1
QCOM-20261005T211417Z/BNY,QCOM-20261005T211417Z,control,BNY,4,2026-10-06T00:18:40Z,,1,1791327200.709,2026-10-06T22:53:20Z,track-v1
ALEC-20261005T234112Z/INO,ALEC-20261005T234112Z,control,INO,8-K,2026-10-06T20:06:55Z,"5.03,9.01",2,1791327202.246,2026-10-06T22:53:22Z,track-v1
QQQ-20261006T114943Z/REGN,QQQ-20261006T114943Z,control,REGN,8-K,2026-10-06T11:51:50Z,"1.01,2.02,8.01",1,1791327205.942,2026-10-06T22:53:25Z,track-v1
QQQ-20261006T114943Z/ETN,QQQ-20261006T114943Z,control,ETN,4,2026-10-06T20:15:50Z,,2,1791327206.528,2026-10-06T22:53:26Z,track-v1
QQQ-20261006T114943Z/ETN,QQQ-20261006T114943Z,control,ETN,3,2026-10-06T20:15:18Z,,2,1791327206.528,2026-10-06T22:53:26Z,track-v1
MRVL-20261006T133604Z/ADI,MRVL-20261006T133604Z,control,ADI,144,2026-10-06T18:28:15Z,,1,1791327209.602,2026-10-06T22:53:29Z,track-v1
CRWV-20261006T134951Z,CRWV-20261006T134951Z,candidate,CRWV,144,2026-10-06T20:24:43Z,,2,1791327210.012,2026-10-06T22:53:30Z,track-v1
AMD-20261006T145548Z/GS,AMD-20261006T145548Z,control,GS,424B2,2026-10-06T21:15:45Z,,2,1791327216.587,2026-10-06T22:53:36Z,track-v1
AMD-20261006T145548Z/GS,AMD-20261006T145548Z,control,GS,424B2,2026-10-06T21:15:04Z,,2,1791327216.587,2026-10-06T22:53:36Z,track-v1
AMD-20261006T145548Z/GS,AMD-20261006T145548Z,control,GS,424B2,2026-10-06T21:11:49Z,,2,1791327216.587,2026-10-06T22:53:36Z,track-v1
AMD-20261006T145548Z/GS,AMD-20261006T145548Z,control,GS,424B2,2026-10-06T21:06:25Z,,2,1791327216.587,2026-10-06T22:53:36Z,track-v1
AMD-20261006T145548Z/GS,AMD-20261006T145548Z,control,GS,424B2,2026-10-06T21:04:13Z,,2,1791327216.587,2026-10-06T22:53:36Z,track-v1
AMD-20261006T145548Z/GS,AMD-20261006T145548Z,control,GS,424B2,2026-10-06T21:02:53Z,,2,1791327216.587,2026-10-06T22:53:36Z,track-v1
AMD-20261006T145548Z/GS,AMD-20261006T145548Z,control,GS,424B2,2026-10-06T21:00:38Z,,2,1791327216.587,2026-10-06T22:53:36Z,track-v1
AMD-20261006T145548Z/GS,AMD-20261006T145548Z,control,GS,FWP,2026-10-06T20:53:23Z,,2,1791327216.587,2026-10-06T22:53:36Z,track-v1
AMD-20261006T145548Z/GS,AMD-20261006T145548Z,control,GS,424B2,2026-10-06T20:52:43Z,,2,1791327216.587,2026-10-06T22:53:36Z,track-v1
AMD-20261006T145548Z/GS,AMD-20261006T145548Z,control,GS,424B2,2026-10-06T20:47:49Z,,2,1791327216.587,2026-10-06T22:53:36Z,track-v1
AMD-20261006T145548Z/GS,AMD-20261006T145548Z,control,GS,424B2,2026-10-06T20:47:32Z,,2,1791327216.587,2026-10-06T22:53:36Z,track-v1
AMD-20261006T145548Z/GS,AMD-20261006T145548Z,control,GS,424B2,2026-10-06T20:47:23Z,,2,1791327216.587,2026-10-06T22:53:36Z,track-v1
AMD-20261006T145548Z/GS,AMD-20261006T145548Z,control,GS,424B2,2026-10-06T20:39:47Z,,2,1791327216.587,2026-10-06T22:53:36Z,track-v1
AMD-20261006T145548Z/GS,AMD-20261006T145548Z,control,GS,424B2,2026-10-06T20:38:09Z,,2,1791327216.587,2026-10-06T22:53:36Z,track-v1
AMD-20261006T145548Z/GS,AMD-20261006T145548Z,control,GS,424B2,2026-10-06T20:36:54Z,,2,1791327216.587,2026-10-06T22:53:36Z,track-v1
AMD-20261006T145548Z/GS,AMD-20261006T145548Z,control,GS,424B2,2026-10-06T20:33:43Z,,2,1791327216.587,2026-10-06T22:53:36Z,track-v1
AMD-20261006T145548Z/GS,AMD-20261006T145548Z,control,GS,424B2,2026-10-06T20:23:37Z,,2,1791327216.587,2026-10-06T22:53:36Z,track-v1
AMD-20261006T145548Z/GS,AMD-20261006T145548Z,control,GS,424B2,2026-10-06T20:23:01Z,,2,1791327216.587,2026-10-06T22:53:36Z,track-v1
AMD-20261006T145548Z/GS,AMD-20261006T145548Z,control,GS,424B2,2026-10-06T20:20:07Z,,2,1791327216.587,2026-10-06T22:53:36Z,track-v1
AMD-20261006T145548Z/GS,AMD-20261006T145548Z,control,GS,424B2,2026-10-06T20:17:33Z,,2,1791327216.587,2026-10-06T22:53:36Z,track-v1
AMD-20261006T145548Z/GS,AMD-20261006T145548Z,control,GS,424B2,2026-10-06T20:16:51Z,,2,1791327216.587,2026-10-06T22:53:36Z,track-v1
AMD-20261006T145548Z/GS,AMD-20261006T145548Z,control,GS,424B2,2026-10-06T20:12:44Z,,2,1791327216.587,2026-10-06T22:53:36Z,track-v1
AMD-20261006T145548Z/GS,AMD-20261006T145548Z,control,GS,424B2,2026-10-06T20:11:22Z,,2,1791327216.587,2026-10-06T22:53:36Z,track-v1
AMD-20261006T145548Z/GS,AMD-20261006T145548Z,control,GS,424B2,2026-10-06T20:10:42Z,,2,1791327216.587,2026-10-06T22:53:36Z,track-v1
AMD-20261006T145548Z/GS,AMD-20261006T145548Z,control,GS,424B2,2026-10-06T20:04:28Z,,2,1791327216.587,2026-10-06T22:53:36Z,track-v1
AMD-20261006T145548Z/GS,AMD-20261006T145548Z,control,GS,424B2,2026-10-06T20:03:53Z,,2,1791327216.587,2026-10-06T22:53:36Z,track-v1
AMD-20261006T145548Z/GS,AMD-20261006T145548Z,control,GS,424B2,2026-10-06T20:03:27Z,,2,1791327216.587,2026-10-06T22:53:36Z,track-v1
AMD-20261006T145548Z/GS,AMD-20261006T145548Z,control,GS,424B2,2026-10-06T20:03:15Z,,2,1791327216.587,2026-10-06T22:53:36Z,track-v1
AMD-20261006T145548Z/GS,AMD-20261006T145548Z,control,GS,424B2,2026-10-06T19:58:39Z,,1,1791327216.587,2026-10-06T22:53:36Z,track-v1
AMD-20261006T145548Z/GS,AMD-20261006T145548Z,control,GS,424B2,2026-10-06T19:55:54Z,,1,1791327216.587,2026-10-06T22:53:36Z,track-v1
AMD-20261006T145548Z/GS,AMD-20261006T145548Z,control,GS,424B2,2026-10-06T19:53:12Z,,1,1791327216.587,2026-10-06T22:53:36Z,track-v1
AMD-20261006T145548Z/GS,AMD-20261006T145548Z,control,GS,424B2,2026-10-06T19:50:07Z,,1,1791327216.587,2026-10-06T22:53:36Z,track-v1
AMD-20261006T145548Z/GS,AMD-20261006T145548Z,control,GS,424B2,2026-10-06T19:49:19Z,,1,1791327216.587,2026-10-06T22:53:36Z,track-v1
AMD-20261006T145548Z/GS,AMD-20261006T145548Z,control,GS,424B2,2026-10-06T19:43:32Z,,1,1791327216.587,2026-10-06T22:53:36Z,track-v1
AMD-20261006T145548Z/GS,AMD-20261006T145548Z,control,GS,424B2,2026-10-06T19:42:03Z,,1,1791327216.587,2026-10-06T22:53:36Z,track-v1
AMD-20261006T145548Z/GS,AMD-20261006T145548Z,control,GS,424B2,2026-10-06T19:40:15Z,,1,1791327216.587,2026-10-06T22:53:36Z,track-v1
AMD-20261006T145548Z/GS,AMD-20261006T145548Z,control,GS,424B2,2026-10-06T19:38:02Z,,1,1791327216.587,2026-10-06T22:53:36Z,track-v1
AMD-20261006T145548Z/GS,AMD-20261006T145548Z,control,GS,424B2,2026-10-06T19:33:59Z,,1,1791327216.587,2026-10-06T22:53:36Z,track-v1
AMD-20261006T145548Z/GS,AMD-20261006T145548Z,control,GS,424B2,2026-10-06T19:33:06Z,,1,1791327216.587,2026-10-06T22:53:36Z,track-v1
AMD-20261006T145548Z/GS,AMD-20261006T145548Z,control,GS,424B2,2026-10-06T19:32:55Z,,1,1791327216.587,2026-10-06T22:53:36Z,track-v1
AMD-20261006T145548Z/GS,AMD-20261006T145548Z,control,GS,424B2,2026-10-06T19:26:14Z,,1,1791327216.587,2026-10-06T22:53:36Z,track-v1
AMD-20261006T145548Z/GS,AMD-20261006T145548Z,control,GS,424B2,2026-10-06T19:25:49Z,,1,1791327216.587,2026-10-06T22:53:36Z,track-v1
AMD-20261006T145548Z/GS,AMD-20261006T145548Z,control,GS,424B2,2026-10-06T19:23:37Z,,1,1791327216.587,2026-10-06T22:53:36Z,track-v1
AMD-20261006T145548Z/GS,AMD-20261006T145548Z,control,GS,424B2,2026-10-06T19:23:15Z,,1,1791327216.587,2026-10-06T22:53:36Z,track-v1
AMD-20261006T145548Z/GS,AMD-20261006T145548Z,control,GS,424B2,2026-10-06T19:18:34Z,,1,1791327216.587,2026-10-06T22:53:36Z,track-v1
AMD-20261006T145548Z/GS,AMD-20261006T145548Z,control,GS,424B2,2026-10-06T19:09:05Z,,1,1791327216.587,2026-10-06T22:53:36Z,track-v1
AMD-20261006T145548Z/GS,AMD-20261006T145548Z,control,GS,424B2,2026-10-06T18:45:34Z,,1,1791327216.587,2026-10-06T22:53:36Z,track-v1
AMD-20261006T145548Z/GS,AMD-20261006T145548Z,control,GS,424B2,2026-10-06T18:40:22Z,,1,1791327216.587,2026-10-06T22:53:36Z,track-v1
AMD-20261006T145548Z/GS,AMD-20261006T145548Z,control,GS,424B2,2026-10-06T18:38:26Z,,1,1791327216.587,2026-10-06T22:53:36Z,track-v1
AMD-20261006T145548Z/GS,AMD-20261006T145548Z,control,GS,FWP,2026-10-06T18:30:03Z,,1,1791327216.587,2026-10-06T22:53:36Z,track-v1
AMD-20261006T145548Z/GS,AMD-20261006T145548Z,control,GS,424B2,2026-10-06T17:55:55Z,,1,1791327216.587,2026-10-06T22:53:36Z,track-v1
AMD-20261006T145548Z/GS,AMD-20261006T145548Z,control,GS,424B2,2026-10-06T17:51:39Z,,1,1791327216.587,2026-10-06T22:53:36Z,track-v1
AMD-20261006T145548Z/GS,AMD-20261006T145548Z,control,GS,424B2,2026-10-06T17:47:17Z,,1,1791327216.587,2026-10-06T22:53:36Z,track-v1
AMD-20261006T145548Z/GS,AMD-20261006T145548Z,control,GS,424B2,2026-10-06T17:18:16Z,,1,1791327216.587,2026-10-06T22:53:36Z,track-v1
AMD-20261006T145548Z/GS,AMD-20261006T145548Z,control,GS,424B2,2026-10-06T17:17:09Z,,1,1791327216.587,2026-10-06T22:53:36Z,track-v1
AMD-20261006T145548Z/GS,AMD-20261006T145548Z,control,GS,424B2,2026-10-06T16:52:11Z,,1,1791327216.587,2026-10-06T22:53:36Z,track-v1
AMD-20261006T145548Z/GS,AMD-20261006T145548Z,control,GS,424B2,2026-10-06T16:27:02Z,,1,1791327216.587,2026-10-06T22:53:36Z,track-v1
AMD-20261006T145548Z/GS,AMD-20261006T145548Z,control,GS,424B2,2026-10-06T16:22:53Z,,1,1791327216.587,2026-10-06T22:53:36Z,track-v1
AMD-20261006T145548Z/GS,AMD-20261006T145548Z,control,GS,424B2,2026-10-06T16:18:18Z,,1,1791327216.587,2026-10-06T22:53:36Z,track-v1
AMD-20261006T145548Z/GS,AMD-20261006T145548Z,control,GS,424B2,2026-10-06T16:17:51Z,,1,1791327216.587,2026-10-06T22:53:36Z,track-v1
AMD-20261006T145548Z/GS,AMD-20261006T145548Z,control,GS,424B2,2026-10-06T15:54:40Z,,1,1791327216.587,2026-10-06T22:53:36Z,track-v1
AMD-20261006T145548Z/NEU,AMD-20261006T145548Z,control,NEU,4,2026-10-06T20:30:07Z,,2,1791327217.118,2026-10-06T22:53:37Z,track-v1
PENG-20261006T180149Z,PENG-20261006T180149Z,candidate,PENG,8-K,2026-10-06T20:27:15Z,"2.02,9.01",2,1791327226.746,2026-10-06T22:53:46Z,track-v1
PENG-20261006T180149Z,PENG-20261006T180149Z,candidate,PENG,8-K,2026-10-06T20:34:08Z,"2.02,5.02,7.01,9.01",2,1791327226.746,2026-10-06T22:53:46Z,track-v1
OKLO-20261006T181453Z,OKLO-20261006T181453Z,candidate,OKLO,4,2026-10-06T20:07:54Z,,2,1791327228.151,2026-10-06T22:53:48Z,track-v1
