snapshot_id,episode_id,role,ticker,archetype,as_of_utc,base_price,status,sessions,flag_in_session_1,max_high_5,ret_max_5,peak_k_5,min_low_10_after_peak,drop_from_peak_10,ret_close_1,ret_close_5,ret_close_10,ret_close_20,current_reports_10,dilution_filings_20,mentions_next_5d,mentions_next_20d,updated_at_utc,track_version
DRTS-20261004T232358Z,DRTS-20261004T232358Z,candidate,DRTS,other,2026-10-04T23:23:58Z,14.5141,active,1,0,,,,,,0.025899,,,,,,,,2026-10-05T21:19:13Z,track-v1
DRTS-20261004T232358Z/BCSF,DRTS-20261004T232358Z,control,BCSF,other,2026-10-04T23:23:58Z,11.05,active,1,0,,,,,,-0.013575,,,,,,,,2026-10-05T21:19:13Z,track-v1
DRTS-20261004T232358Z/NCNO,DRTS-20261004T232358Z,control,NCNO,other,2026-10-04T23:23:58Z,18.68,active,1,0,,,,,,0.03212,,,,,,,,2026-10-05T21:19:13Z,track-v1
VST-20261005T041528Z,VST-20261005T041528Z,candidate,VST,other,2026-10-05T04:15:28Z,143.96,active,1,0,,,,,,0.00646,,,,,,,,2026-10-05T21:19:13Z,track-v1
VST-20261005T041528Z/MMM,VST-20261005T041528Z,control,MMM,other,2026-10-05T04:15:28Z,162.15,active,1,0,,,,,,0.006414,,,,,,,,2026-10-05T21:19:13Z,track-v1
VST-20261005T041528Z/STRF,VST-20261005T041528Z,control,STRF,other,2026-10-05T04:15:28Z,102.5,active,1,0,,,,,,0.00878,,,,,,,,2026-10-05T21:19:13Z,track-v1
PMI-20261005T135516Z,PMI-20261005T135516Z,candidate,PMI,low_float_runner,2026-10-05T13:55:16Z,6.16,active,1,1,,,,,,0.125,,,,,,,,2026-10-05T21:19:13Z,track-v1
PMI-20261005T135516Z/DTST,PMI-20261005T135516Z,control,DTST,low_float_runner,2026-10-05T13:55:16Z,3.3246,active,1,1,,,,,,0.019672,,,,,,,,2026-10-05T21:19:13Z,track-v1
PMI-20261005T135516Z/ARBB,PMI-20261005T135516Z,control,ARBB,low_float_runner,2026-10-05T13:55:16Z,4.6,active,1,1,,,,,,-0.026087,,,,,,,,2026-10-05T21:19:13Z,track-v1
SDEV-20261005T140916Z,SDEV-20261005T140916Z,candidate,SDEV,other,2026-10-05T14:09:16Z,6.85,active,1,1,,,,,,-0.424818,,,,,,,,2026-10-05T21:19:13Z,track-v1
SDEV-20261005T140916Z/RILYL,SDEV-20261005T140916Z,control,RILYL,other,2026-10-05T14:09:16Z,10.75,active,1,1,,,,,,-0.011163,,,,,,,,2026-10-05T21:19:13Z,track-v1
SDEV-20261005T140916Z/PFLT,SDEV-20261005T140916Z,control,PFLT,other,2026-10-05T14:09:16Z,6.8498,active,1,1,,,,,,-0.01019,,,,,,,,2026-10-05T21:19:13Z,track-v1
APLD-20261005T142311Z,APLD-20261005T142311Z,candidate,APLD,other,2026-10-05T14:23:11Z,24.675,active,1,1,,,,,,0.001013,,,,,,,,2026-10-05T21:19:13Z,track-v1
APLD-20261005T142311Z/SNN,APLD-20261005T142311Z,control,SNN,other,2026-10-05T14:23:11Z,26.88,active,1,1,,,,,,0.001488,,,,,,,,2026-10-05T21:19:13Z,track-v1
APLD-20261005T142311Z/LTH,APLD-20261005T142311Z,control,LTH,other,2026-10-05T14:23:11Z,40.65,active,1,1,,,,,,-0.014514,,,,,,,,2026-10-05T21:19:13Z,track-v1
SPCX-20261005T145105Z,SPCX-20261005T145105Z,candidate,SPCX,other,2026-10-05T14:51:05Z,166.95,active,1,1,,,,,,0.024798,,,,,,,,2026-10-05T21:19:13Z,track-v1
SPCX-20261005T145105Z/PPG,SPCX-20261005T145105Z,control,PPG,other,2026-10-05T14:51:05Z,105.065,active,1,1,,,,,,0.001951,,,,,,,,2026-10-05T21:19:13Z,track-v1
SPCX-20261005T145105Z/TEL,SPCX-20261005T145105Z,control,TEL,other,2026-10-05T14:51:05Z,219.9,active,1,1,,,,,,-0.004411,,,,,,,,2026-10-05T21:19:13Z,track-v1
TSM-20261005T151858Z,TSM-20261005T151858Z,candidate,TSM,other,2026-10-05T15:18:58Z,483.165,active,1,1,,,,,,0.005454,,,,,,,,2026-10-05T21:19:13Z,track-v1
TSM-20261005T151858Z/SAIA,TSM-20261005T151858Z,control,SAIA,other,2026-10-05T15:18:58Z,344.185,active,1,1,,,,,,0.00568,,,,,,,,2026-10-05T21:19:13Z,track-v1
TSM-20261005T151858Z/MYRG,TSM-20261005T151858Z,control,MYRG,other,2026-10-05T15:18:58Z,306.325,active,1,1,,,,,,-0.011997,,,,,,,,2026-10-05T21:19:13Z,track-v1
VEEA-20261005T153302Z,VEEA-20261005T153302Z,candidate,VEEA,low_float_runner,2026-10-05T15:33:02Z,5.06,active,1,1,,,,,,0.130435,,,,,,,,2026-10-05T21:19:13Z,track-v1
VEEA-20261005T153302Z/MPU,VEEA-20261005T153302Z,control,MPU,low_float_runner,2026-10-05T15:33:02Z,2.7,active,1,1,,,,,,-0.037037,,,,,,,,2026-10-05T21:19:13Z,track-v1
VEEA-20261005T153302Z/FIEE,VEEA-20261005T153302Z,control,FIEE,low_float_runner,2026-10-05T15:33:02Z,3.62,active,1,1,,,,,,0.019337,,,,,,,,2026-10-05T21:19:13Z,track-v1
GME-20261005T162454Z,GME-20261005T162454Z,candidate,GME,other,2026-10-05T16:24:54Z,25.545,active,1,1,,,,,,-0.01194,,,,,,,,2026-10-05T21:19:13Z,track-v1
GME-20261005T162454Z/SOBO,GME-20261005T162454Z,control,SOBO,other,2026-10-05T16:24:54Z,34.06,active,1,1,,,,,,-0.003523,,,,,,,,2026-10-05T21:19:13Z,track-v1
GME-20261005T162454Z/BEN,GME-20261005T162454Z,control,BEN,other,2026-10-05T16:24:54Z,32.84,active,1,1,,,,,,0.001218,,,,,,,,2026-10-05T21:19:13Z,track-v1
DELL-20261005T163855Z,DELL-20261005T163855Z,candidate,DELL,other,2026-10-05T16:38:55Z,554.815,active,1,1,,,,,,-0.004551,,,,,,,,2026-10-05T21:19:13Z,track-v1
DELL-20261005T163855Z/ADI,DELL-20261005T163855Z,control,ADI,other,2026-10-05T16:38:55Z,415.39,active,1,1,,,,,,0.008931,,,,,,,,2026-10-05T21:19:13Z,track-v1
DELL-20261005T163855Z/PWR,DELL-20261005T163855Z,control,PWR,other,2026-10-05T16:38:55Z,689.125,active,1,1,,,,,,-0.008279,,,,,,,,2026-10-05T21:19:13Z,track-v1
IREN-20261005T174934Z,IREN-20261005T174934Z,candidate,IREN,other,2026-10-05T17:49:34Z,40.2402,active,1,1,,,,,,0.005959,,,,,,,,2026-10-05T21:19:13Z,track-v1
IREN-20261005T174934Z/NI,IREN-20261005T174934Z,control,NI,other,2026-10-05T17:49:34Z,39.7,active,1,1,,,,,,-0.003778,,,,,,,,2026-10-05T21:19:13Z,track-v1
IREN-20261005T174934Z/AMRZ,IREN-20261005T174934Z,control,AMRZ,other,2026-10-05T17:49:34Z,37.2,active,1,1,,,,,,0.0,,,,,,,,2026-10-05T21:19:13Z,track-v1
MSFT-20261005T211417Z,MSFT-20261005T211417Z,candidate,MSFT,other,2026-10-05T21:14:17Z,525.03,active,0,,,,,,,,,,,,,,,2026-10-05T21:19:13Z,track-v1
MSFT-20261005T211417Z/MDGL,MSFT-20261005T211417Z,control,MDGL,other,2026-10-05T21:14:17Z,493.62,active,0,,,,,,,,,,,,,,,2026-10-05T21:19:13Z,track-v1
MSFT-20261005T211417Z/WAT,MSFT-20261005T211417Z,control,WAT,other,2026-10-05T21:14:17Z,440.12,active,0,,,,,,,,,,,,,,,2026-10-05T21:19:13Z,track-v1
QCOM-20261005T211417Z,QCOM-20261005T211417Z,candidate,QCOM,other,2026-10-05T21:14:17Z,181.45,active,0,,,,,,,,,,,,,,,2026-10-05T21:19:13Z,track-v1
QCOM-20261005T211417Z/RY,QCOM-20261005T211417Z,control,RY,other,2026-10-05T21:14:17Z,194.647,active,0,,,,,,,,,,,,,,,2026-10-05T21:19:13Z,track-v1
QCOM-20261005T211417Z/BNY,QCOM-20261005T211417Z,control,BNY,other,2026-10-05T21:14:17Z,143.75,active,0,,,,,,,,,,,,,,,2026-10-05T21:19:13Z,track-v1
