date,ticker,mentions,authors,posts,comments,hype_docs,in_universe,by_subreddit
2026-09-26,AAPL,6,6,2,4,0,1,"{""smallstreetbets"":1,""wallstreetbets"":5}"
2026-09-26,ACHV,1,1,0,1,0,1,"{""pennystocks"":1}"
2026-09-26,ACN,1,1,0,1,0,1,"{""wallstreetbets"":1}"
2026-09-26,AEHR,1,1,1,0,0,1,"{""wallstreetbets"":1}"
2026-09-26,AIFF,1,1,0,1,0,1,"{""pennystocks"":1}"
2026-09-26,AIP,1,1,0,1,0,1,"{""wallstreetbets"":1}"
2026-09-26,AKAM,3,3,0,3,0,1,"{""wallstreetbets"":3}"
2026-09-26,AMD,8,8,0,8,0,1,"{""wallstreetbets"":8}"
2026-09-26,AMT,1,1,1,0,0,1,"{""wallstreetbets"":1}"
2026-09-26,AMZN,6,6,0,6,0,1,"{""smallstreetbets"":1,""wallstreetbets"":5}"
2026-09-26,APLD,2,2,0,2,0,1,"{""wallstreetbets"":2}"
2026-09-26,ARKG,2,2,0,2,0,1,"{""wallstreetbets"":2}"
2026-09-26,ARKK,1,1,0,1,0,1,"{""wallstreetbets"":1}"
2026-09-26,ARM,1,1,0,1,0,1,"{""wallstreetbets"":1}"
2026-09-26,ASTS,3,3,0,3,0,1,"{""wallstreetbets"":3}"
2026-09-26,AVGO,6,5,0,6,0,1,"{""wallstreetbets"":6}"
2026-09-26,AXTI,1,1,1,0,0,1,"{""wallstreetbets"":1}"
2026-09-26,BBAI,2,1,1,1,0,1,"{""wallstreetbets"":2}"
2026-09-26,BBC,1,1,0,1,0,1,"{""wallstreetbets"":1}"
2026-09-26,BE,1,1,1,0,0,1,"{""wallstreetbets"":1}"
2026-09-26,BNO,1,1,0,1,0,1,"{""wallstreetbets"":1}"
2026-09-26,BOXX,1,1,0,1,0,1,"{""wallstreetbets"":1}"
2026-09-26,BURU,2,2,0,2,0,1,"{""pennystocks"":2}"
2026-09-26,BWET,5,5,0,5,0,1,"{""wallstreetbets"":5}"
2026-09-26,CANE,1,1,0,1,0,1,"{""wallstreetbets"":1}"
2026-09-26,CAPS,2,1,0,2,0,1,"{""pennystocks"":2}"
2026-09-26,CAT,1,1,0,1,0,1,"{""pennystocks"":1}"
2026-09-26,CDNS,1,1,0,1,0,1,"{""wallstreetbets"":1}"
2026-09-26,CELH,2,2,0,2,0,1,"{""wallstreetbets"":2}"
2026-09-26,CME,1,1,0,1,0,1,"{""wallstreetbets"":1}"
2026-09-26,CMS,1,1,1,0,0,1,"{""pennystocks"":1}"
2026-09-26,CPT,1,1,1,0,0,1,"{""pennystocks"":1}"
2026-09-26,CRWV,3,3,0,3,0,1,"{""wallstreetbets"":3}"
2026-09-26,CTM,1,1,0,1,0,1,"{""pennystocks"":1}"
2026-09-26,CTNT,1,1,1,0,0,1,"{""pennystocks"":1}"
2026-09-26,CVRX,1,1,1,0,0,1,"{""pennystocks"":1}"
2026-09-26,CYPH,2,1,0,2,1,1,"{""pennystocks"":2}"
2026-09-26,DDD,1,1,0,1,0,1,"{""wallstreetbets"":1}"
2026-09-26,DDOG,1,1,0,1,0,1,"{""wallstreetbets"":1}"
2026-09-26,DEA,1,1,0,1,0,1,"{""wallstreetbets"":1}"
2026-09-26,DJT,5,5,0,5,0,1,"{""wallstreetbets"":5}"
2026-09-26,DMA,1,1,0,1,0,1,"{""wallstreetbets"":1}"
2026-09-26,DNUT,1,1,0,1,0,1,"{""pennystocks"":1}"
2026-09-26,DPU,2,1,2,0,0,1,"{""pennystocks"":1,""wallstreetbets"":1}"
2026-09-26,DVLT,2,2,0,2,0,1,"{""pennystocks"":2}"
2026-09-26,DXYZ,1,1,0,1,0,1,"{""wallstreetbets"":1}"
2026-09-26,DYOR,1,1,0,1,0,1,"{""pennystocks"":1}"
2026-09-26,FAC,1,1,0,1,0,1,"{""pennystocks"":1}"
2026-09-26,FBDT,1,1,0,1,0,1,"{""pennystocks"":1}"
2026-09-26,FCHL,1,1,0,1,0,1,"{""pennystocks"":1}"
2026-09-26,FIAT,1,1,0,1,0,1,"{""wallstreetbets"":1}"
2026-09-26,FN,1,1,0,1,0,1,"{""wallstreetbets"":1}"
2026-09-26,FRVO,1,1,0,1,0,1,"{""wallstreetbets"":1}"
2026-09-26,GLD,1,1,0,1,0,1,"{""wallstreetbets"":1}"
2026-09-26,GLND,4,4,0,4,0,1,"{""pennystocks"":3,""wallstreetbets"":1}"
2026-09-26,GOOG,8,8,1,7,0,1,"{""wallstreetbets"":8}"
2026-09-26,GOOGL,2,2,0,2,0,1,"{""smallstreetbets"":1,""wallstreetbets"":1}"
2026-09-26,GRML,1,1,1,0,0,1,"{""pennystocks"":1}"
2026-09-26,HAIL,1,1,0,1,0,1,"{""wallstreetbets"":1}"
2026-09-26,HOOD,2,2,1,1,0,1,"{""wallstreetbets"":2}"
2026-09-26,HOVR,2,2,0,2,0,1,"{""pennystocks"":2}"
2026-09-26,HTZ,3,2,1,2,0,1,"{""pennystocks"":2,""wallstreetbets"":1}"
2026-09-26,IBKR,4,4,0,4,0,1,"{""wallstreetbets"":4}"
2026-09-26,IBM,3,3,0,3,0,1,"{""wallstreetbets"":3}"
2026-09-26,IMSR,1,1,0,1,0,1,"{""wallstreetbets"":1}"
2026-09-26,INTC,4,3,1,3,0,1,"{""wallstreetbets"":4}"
2026-09-26,IONQ,4,4,0,4,0,1,"{""wallstreetbets"":4}"
2026-09-26,IOVA,4,2,2,2,1,1,"{""wallstreetbets"":4}"
2026-09-26,IVA,1,1,0,1,0,1,"{""pennystocks"":1}"
2026-09-26,IXN,1,1,0,1,0,1,"{""wallstreetbets"":1}"
2026-09-26,JAGX,2,1,0,2,0,1,"{""pennystocks"":2}"
2026-09-26,KEEL,1,1,0,1,0,1,"{""wallstreetbets"":1}"
2026-09-26,KORU,1,1,0,1,0,1,"{""wallstreetbets"":1}"
2026-09-26,LAC,1,1,0,1,0,1,"{""wallstreetbets"":1}"
2026-09-26,LEN,1,1,0,1,0,1,"{""wallstreetbets"":1}"
2026-09-26,LITE,1,1,1,0,0,1,"{""wallstreetbets"":1}"
2026-09-26,LMND,1,1,0,1,0,1,"{""wallstreetbets"":1}"
2026-09-26,LMT,2,1,0,2,0,1,"{""wallstreetbets"":2}"
2026-09-26,LXRX,1,1,0,1,0,1,"{""pennystocks"":1}"
2026-09-26,MCD,4,4,1,3,0,1,"{""wallstreetbets"":4}"
2026-09-26,MCO,1,1,0,1,0,1,"{""pennystocks"":1}"
2026-09-26,META,13,13,1,12,0,1,"{""wallstreetbets"":13}"
2026-09-26,MIMI,1,1,1,0,0,1,"{""pennystocks"":1}"
2026-09-26,MOO,1,1,0,1,0,1,"{""wallstreetbets"":1}"
2026-09-26,MRLN,1,1,0,1,0,1,"{""pennystocks"":1}"
2026-09-26,MRNA,4,3,1,3,0,1,"{""wallstreetbets"":4}"
2026-09-26,MRVL,1,1,0,1,0,1,"{""wallstreetbets"":1}"
2026-09-26,MSFT,4,4,0,4,0,1,"{""wallstreetbets"":4}"
2026-09-26,MSTR,3,3,2,1,0,1,"{""wallstreetbets"":3}"
2026-09-26,MUU,1,1,0,1,0,1,"{""wallstreetbets"":1}"
2026-09-26,MX,1,1,1,0,0,1,"{""pennystocks"":1}"
2026-09-26,NBIS,4,4,0,4,0,1,"{""wallstreetbets"":4}"
2026-09-26,NFLX,2,2,1,1,0,1,"{""wallstreetbets"":2}"
2026-09-26,NKE,6,6,1,5,0,1,"{""wallstreetbets"":6}"
2026-09-26,NUAI,1,1,0,1,0,1,"{""pennystocks"":1}"
2026-09-26,NVDA,7,7,1,6,0,1,"{""smallstreetbets"":1,""wallstreetbets"":6}"
2026-09-26,NVS,1,1,0,1,0,1,"{""wallstreetbets"":1}"
2026-09-26,NVTS,1,1,0,1,0,1,"{""wallstreetbets"":1}"
2026-09-26,NYT,1,1,0,1,0,1,"{""wallstreetbets"":1}"
2026-09-26,OILU,1,1,0,1,0,1,"{""wallstreetbets"":1}"
2026-09-26,ONDS,2,2,0,2,0,1,"{""wallstreetbets"":2}"
2026-09-26,OPEN,1,1,0,1,0,1,"{""pennystocks"":1}"
2026-09-26,ORCL,2,2,0,2,0,1,"{""wallstreetbets"":2}"
2026-09-26,PANW,1,1,0,1,0,1,"{""wallstreetbets"":1}"
2026-09-26,PLTR,1,1,0,1,0,1,"{""wallstreetbets"":1}"
2026-09-26,PROP,1,1,0,1,0,1,"{""pennystocks"":1}"
2026-09-26,QCOM,1,1,0,1,0,1,"{""wallstreetbets"":1}"
2026-09-26,QQQ,15,14,2,13,0,1,"{""wallstreetbets"":15}"
2026-09-26,QXO,1,1,0,1,0,1,"{""pennystocks"":1}"
2026-09-26,RCL,1,1,0,1,0,1,"{""wallstreetbets"":1}"
2026-09-26,RDDT,6,5,0,6,0,1,"{""smallstreetbets"":1,""wallstreetbets"":5}"
2026-09-26,RDGT,1,1,0,1,0,1,"{""pennystocks"":1}"
2026-09-26,RGTI,1,1,0,1,0,1,"{""pennystocks"":1}"
2026-09-26,RIOT,1,1,0,1,0,1,"{""wallstreetbets"":1}"
2026-09-26,RKLB,8,7,1,7,0,1,"{""wallstreetbets"":8}"
2026-09-26,RND,1,1,1,0,0,1,"{""pennystocks"":1}"
2026-09-26,ROPE,1,1,0,1,0,1,"{""wallstreetbets"":1}"
2026-09-26,RPD,2,1,2,0,0,1,"{""pennystocks"":1,""wallstreetbets"":1}"
2026-09-26,RR,1,1,1,0,0,1,"{""pennystocks"":1}"
2026-09-26,RSP,1,1,0,1,0,1,"{""wallstreetbets"":1}"
2026-09-26,RUM,1,1,0,1,0,1,"{""wallstreetbets"":1}"
2026-09-26,SAFX,1,1,0,1,0,1,"{""pennystocks"":1}"
2026-09-26,SBUX,1,1,0,1,0,1,"{""wallstreetbets"":1}"
2026-09-26,SCD,1,1,0,1,0,1,"{""pennystocks"":1}"
2026-09-26,SCHD,1,1,0,1,0,1,"{""wallstreetbets"":1}"
2026-09-26,SERV,1,1,0,1,0,1,"{""pennystocks"":1}"
2026-09-26,SGOV,1,1,0,1,0,1,"{""wallstreetbets"":1}"
2026-09-26,SKHY,1,1,0,1,0,1,"{""wallstreetbets"":1}"
2026-09-26,SNDK,11,9,2,9,0,1,"{""smallstreetbets"":1,""wallstreetbets"":10}"
2026-09-26,SNXX,1,1,0,1,0,1,"{""wallstreetbets"":1}"
2026-09-26,SOFA,1,1,0,1,0,1,"{""wallstreetbets"":1}"
2026-09-26,SONY,1,1,0,1,0,1,"{""wallstreetbets"":1}"
2026-09-26,SOXL,1,1,0,1,0,1,"{""wallstreetbets"":1}"
2026-09-26,SOXX,2,2,0,2,0,1,"{""wallstreetbets"":2}"
2026-09-26,SPCX,4,4,0,4,0,1,"{""wallstreetbets"":4}"
2026-09-26,SPY,44,36,1,43,0,1,"{""wallstreetbets"":44}"
2026-09-26,SPYD,1,1,0,1,0,1,"{""wallstreetbets"":1}"
2026-09-26,SPYX,1,1,0,1,0,1,"{""wallstreetbets"":1}"
2026-09-26,SQQQ,1,1,0,1,0,1,"{""wallstreetbets"":1}"
2026-09-26,STRM,1,1,0,1,0,0,"{""pennystocks"":1}"
2026-09-26,TECL,2,2,0,2,0,1,"{""wallstreetbets"":2}"
2026-09-26,TEM,1,1,0,1,0,1,"{""wallstreetbets"":1}"
2026-09-26,TLT,4,3,0,4,0,1,"{""wallstreetbets"":4}"
2026-09-26,TMV,1,1,0,1,0,1,"{""wallstreetbets"":1}"
2026-09-26,TNYA,1,1,0,1,0,1,"{""pennystocks"":1}"
2026-09-26,TQQQ,1,1,0,1,0,1,"{""wallstreetbets"":1}"
2026-09-26,TSLA,8,6,0,8,0,1,"{""wallstreetbets"":8}"
2026-09-26,TSN,1,1,1,0,0,1,"{""smallstreetbets"":1}"
2026-09-26,TTD,1,1,1,0,0,1,"{""wallstreetbets"":1}"
2026-09-26,TXG,2,2,0,2,0,1,"{""wallstreetbets"":2}"
2026-09-26,UNH,1,1,0,1,0,1,"{""wallstreetbets"":1}"
2026-09-26,USAF,1,1,0,1,0,1,"{""wallstreetbets"":1}"
2026-09-26,USAR,1,1,0,1,0,1,"{""wallstreetbets"":1}"
2026-09-26,USO,1,1,0,1,0,1,"{""wallstreetbets"":1}"
2026-09-26,VAW,1,1,0,1,0,1,"{""wallstreetbets"":1}"
2026-09-26,VCR,1,1,0,1,0,1,"{""wallstreetbets"":1}"
2026-09-26,VDC,1,1,0,1,0,1,"{""wallstreetbets"":1}"
2026-09-26,VDE,1,1,0,1,0,1,"{""wallstreetbets"":1}"
2026-09-26,VFH,1,1,0,1,0,1,"{""wallstreetbets"":1}"
2026-09-26,VGT,1,1,0,1,0,1,"{""wallstreetbets"":1}"
2026-09-26,VHT,1,1,0,1,0,1,"{""wallstreetbets"":1}"
2026-09-26,VIS,1,1,0,1,0,1,"{""wallstreetbets"":1}"
2026-09-26,VNQ,1,1,0,1,0,1,"{""wallstreetbets"":1}"
2026-09-26,VOO,18,16,1,17,0,1,"{""wallstreetbets"":18}"
2026-09-26,VOX,1,1,0,1,0,1,"{""wallstreetbets"":1}"
2026-09-26,VPU,1,1,0,1,0,1,"{""wallstreetbets"":1}"
2026-09-26,VTGN,1,1,0,1,0,1,"{""pennystocks"":1}"
2026-09-26,VXUS,2,1,0,2,0,1,"{""wallstreetbets"":2}"
2026-09-26,WHR,1,1,0,1,0,1,"{""wallstreetbets"":1}"
2026-09-26,WMT,2,2,0,2,0,1,"{""wallstreetbets"":2}"
2026-09-27,AAAA,1,1,0,1,0,1,"{""smallstreetbets"":1}"
2026-09-27,AAPL,6,6,0,6,0,1,"{""wallstreetbets"":6}"
2026-09-27,ACRV,1,1,0,1,0,1,"{""pennystocks"":1}"
2026-09-27,AGG,1,1,0,1,0,1,"{""smallstreetbets"":1}"
2026-09-27,AKAM,1,1,0,1,0,1,"{""wallstreetbets"":1}"
2026-09-27,ALGM,1,1,0,1,0,1,"{""wallstreetbets"":1}"
2026-09-27,AMAT,1,1,0,1,0,1,"{""wallstreetbets"":1}"
2026-09-27,AMD,13,12,0,13,0,1,"{""wallstreetbets"":13}"
2026-09-27,AMZN,3,2,1,2,1,1,"{""wallstreetbets"":3}"
2026-09-27,APLD,1,1,0,1,0,1,"{""wallstreetbets"":1}"
2026-09-27,ARKG,1,1,0,1,0,1,"{""wallstreetbets"":1}"
2026-09-27,ARM,1,1,0,1,0,1,"{""wallstreetbets"":1}"
2026-09-27,ASML,1,1,0,1,0,1,"{""wallstreetbets"":1}"
2026-09-27,ASTS,1,1,0,1,0,1,"{""wallstreetbets"":1}"
2026-09-27,ATCH,2,1,1,1,0,1,"{""wallstreetbets"":2}"
2026-09-27,ATHS,1,1,0,1,0,1,"{""wallstreetbets"":1}"
2026-09-27,AVGO,10,10,0,10,0,1,"{""wallstreetbets"":10}"
2026-09-27,BENF,1,1,0,1,0,1,"{""pennystocks"":1}"
2026-09-27,BMEA,1,1,0,1,0,1,"{""pennystocks"":1}"
2026-09-27,BMNR,1,1,0,1,0,1,"{""wallstreetbets"":1}"
2026-09-27,BND,3,2,0,3,0,1,"{""wallstreetbets"":3}"
2026-09-27,BNO,1,1,0,1,0,1,"{""wallstreetbets"":1}"
2026-09-27,BRUN,2,2,1,1,0,1,"{""wallstreetbets"":2}"
2026-09-27,BWET,1,1,0,1,0,1,"{""wallstreetbets"":1}"
2026-09-27,BYND,3,3,1,2,0,1,"{""pennystocks"":3}"
2026-09-27,BZAI,1,1,1,0,0,1,"{""wallstreetbets"":1}"
2026-09-27,CBRS,1,1,0,1,0,1,"{""wallstreetbets"":1}"
2026-09-27,CCL,1,1,1,0,0,1,"{""wallstreetbets"":1}"
2026-09-27,CCS,1,1,0,1,0,1,"{""wallstreetbets"":1}"
2026-09-27,CDT,1,1,0,1,0,1,"{""pennystocks"":1}"
2026-09-27,CEG,2,2,0,2,0,1,"{""wallstreetbets"":2}"
2026-09-27,CELH,1,1,0,1,0,1,"{""wallstreetbets"":1}"
2026-09-27,CIFR,1,1,0,1,0,1,"{""wallstreetbets"":1}"
2026-09-27,CMG,2,2,0,2,0,1,"{""pennystocks"":1,""wallstreetbets"":1}"
2026-09-27,COHR,2,1,0,2,0,1,"{""wallstreetbets"":2}"
2026-09-27,COPX,1,1,0,1,0,1,"{""wallstreetbets"":1}"
2026-09-27,COSM,1,1,0,1,0,1,"{""pennystocks"":1}"
2026-09-27,CRDO,2,1,0,2,0,1,"{""wallstreetbets"":2}"
2026-09-27,CRWD,1,1,0,1,0,1,"{""wallstreetbets"":1}"
2026-09-27,CYD,1,1,0,1,0,1,"{""pennystocks"":1}"
2026-09-27,CYPH,1,1,0,1,0,1,"{""pennystocks"":1}"
2026-09-27,DDD,1,1,0,1,0,1,"{""pennystocks"":1}"
2026-09-27,DEA,2,1,0,2,0,1,"{""wallstreetbets"":2}"
2026-09-27,DELL,1,1,0,1,0,1,"{""wallstreetbets"":1}"
2026-09-27,DJT,3,3,0,3,0,1,"{""smallstreetbets"":1,""wallstreetbets"":2}"
2026-09-27,DKNG,1,1,0,1,0,1,"{""pennystocks"":1}"
2026-09-27,DYOR,1,1,1,0,0,1,"{""wallstreetbets"":1}"
2026-09-27,ENPH,1,1,0,1,0,1,"{""pennystocks"":1}"
2026-09-27,FAC,1,1,0,1,0,1,"{""wallstreetbets"":1}"
2026-09-27,FINV,1,1,0,1,0,1,"{""pennystocks"":1}"
2026-09-27,FMS,1,1,0,1,0,1,"{""wallstreetbets"":1}"
2026-09-27,FPS,1,1,1,0,0,1,"{""smallstreetbets"":1}"
2026-09-27,FTNT,1,1,0,1,0,1,"{""wallstreetbets"":1}"
2026-09-27,GDX,3,2,0,3,0,1,"{""wallstreetbets"":3}"
2026-09-27,GFS,1,1,0,1,0,1,"{""wallstreetbets"":1}"
2026-09-27,GLD,1,1,0,1,0,1,"{""wallstreetbets"":1}"
2026-09-27,GLND,4,3,0,4,0,1,"{""pennystocks"":4}"
2026-09-27,GLW,2,2,0,2,0,1,"{""wallstreetbets"":2}"
2026-09-27,GME,1,1,0,1,0,1,"{""smallstreetbets"":1}"
2026-09-27,GNS,1,1,0,1,0,1,"{""pennystocks"":1}"
2026-09-27,GOOG,1,1,0,1,0,1,"{""wallstreetbets"":1}"
2026-09-27,GRML,1,1,1,0,0,1,"{""pennystocks"":1}"
2026-09-27,GTM,1,1,0,1,0,1,"{""wallstreetbets"":1}"
2026-09-27,HOOD,1,1,0,1,0,1,"{""wallstreetbets"":1}"
2026-09-27,HORT,1,1,0,1,0,0,"{""wallstreetbets"":1}"
2026-09-27,HTZ,1,1,0,1,0,1,"{""wallstreetbets"":1}"
2026-09-27,HYD,1,1,0,1,0,1,"{""smallstreetbets"":1}"
2026-09-27,IBD,1,1,0,1,0,1,"{""wallstreetbets"":1}"
2026-09-27,IBIO,1,1,0,1,0,1,"{""pennystocks"":1}"
2026-09-27,IBKR,1,1,0,1,0,1,"{""smallstreetbets"":1}"
2026-09-27,IBM,3,3,0,3,0,1,"{""wallstreetbets"":3}"
2026-09-27,IDV,1,1,0,1,0,1,"{""wallstreetbets"":1}"
2026-09-27,IGV,2,2,0,2,0,1,"{""wallstreetbets"":2}"
2026-09-27,IMMX,1,1,0,1,0,1,"{""pennystocks"":1}"
2026-09-27,INFQ,1,1,0,1,0,1,"{""wallstreetbets"":1}"
2026-09-27,INTC,4,4,0,4,0,1,"{""wallstreetbets"":4}"
2026-09-27,IONQ,2,2,0,2,0,1,"{""wallstreetbets"":2}"
2026-09-27,ITT,2,1,0,2,0,1,"{""wallstreetbets"":2}"
2026-09-27,IVA,1,1,0,1,0,1,"{""pennystocks"":1}"
2026-09-27,JMKE,1,1,0,1,0,1,"{""wallstreetbets"":1}"
2026-09-27,JNJ,1,1,0,1,0,1,"{""wallstreetbets"":1}"
2026-09-27,KEEL,1,1,0,1,0,1,"{""wallstreetbets"":1}"
2026-09-27,KITT,1,1,0,1,0,1,"{""pennystocks"":1}"
2026-09-27,KLAC,1,1,0,1,0,1,"{""wallstreetbets"":1}"
2026-09-27,KOPN,1,1,0,1,0,1,"{""pennystocks"":1}"
2026-09-27,LAES,1,1,0,1,0,1,"{""wallstreetbets"":1}"
2026-09-27,LEN,1,1,0,1,0,1,"{""wallstreetbets"":1}"
2026-09-27,LLY,2,2,0,2,0,1,"{""wallstreetbets"":2}"
2026-09-27,LMT,1,1,0,1,0,1,"{""wallstreetbets"":1}"
2026-09-27,LRCX,1,1,0,1,0,1,"{""wallstreetbets"":1}"
2026-09-27,LULU,4,3,0,4,0,1,"{""wallstreetbets"":4}"
2026-09-27,LUNR,1,1,0,1,0,1,"{""wallstreetbets"":1}"
2026-09-27,MCD,4,4,1,3,1,1,"{""wallstreetbets"":4}"
2026-09-27,MCLS,1,1,0,1,0,0,"{""pennystocks"":1}"
2026-09-27,META,21,18,0,21,0,1,"{""wallstreetbets"":21}"
2026-09-27,MFST,1,1,0,1,0,0,"{""smallstreetbets"":1}"
2026-09-27,MOBX,1,1,0,1,0,1,"{""pennystocks"":1}"
2026-09-27,MOO,1,1,0,1,0,1,"{""wallstreetbets"":1}"
2026-09-27,MRNA,2,2,0,2,0,1,"{""wallstreetbets"":2}"
2026-09-27,MSFT,25,24,1,24,0,1,"{""wallstreetbets"":25}"
2026-09-27,MSTR,1,1,0,1,0,1,"{""wallstreetbets"":1}"
2026-09-27,MTN,1,1,0,1,0,1,"{""wallstreetbets"":1}"
2026-09-27,MU,2,2,0,2,0,1,"{""smallstreetbets"":1,""wallstreetbets"":1}"
2026-09-27,MUU,8,5,0,8,0,1,"{""wallstreetbets"":8}"
2026-09-27,MX,1,1,0,1,0,1,"{""wallstreetbets"":1}"
2026-09-27,NBIS,3,2,0,3,0,1,"{""wallstreetbets"":3}"
2026-09-27,NCLH,1,1,1,0,0,1,"{""wallstreetbets"":1}"
2026-09-27,NCPL,1,1,0,1,0,1,"{""pennystocks"":1}"
2026-09-27,NFGC,1,1,0,1,0,1,"{""pennystocks"":1}"
2026-09-27,NFLX,3,3,0,3,0,1,"{""wallstreetbets"":3}"
2026-09-27,NIO,2,2,0,2,0,1,"{""pennystocks"":1,""wallstreetbets"":1}"
2026-09-27,NKE,8,8,0,8,0,1,"{""pennystocks"":1,""wallstreetbets"":7}"
2026-09-27,NUAI,3,3,0,3,0,1,"{""pennystocks"":3}"
2026-09-27,NVDA,21,18,0,21,0,1,"{""smallstreetbets"":3,""wallstreetbets"":18}"
2026-09-27,NVDX,1,1,0,1,0,1,"{""smallstreetbets"":1}"
2026-09-27,NVMI,1,1,0,1,0,1,"{""wallstreetbets"":1}"
2026-09-27,NXPI,1,1,0,1,0,1,"{""wallstreetbets"":1}"
2026-09-27,OMER,1,1,0,1,0,1,"{""wallstreetbets"":1}"
2026-09-27,ONDS,4,4,0,4,0,1,"{""pennystocks"":3,""wallstreetbets"":1}"
2026-09-27,OPEN,3,2,0,3,0,1,"{""wallstreetbets"":3}"
2026-09-27,ORBS,1,1,0,1,0,1,"{""pennystocks"":1}"
2026-09-27,ORCL,7,6,0,7,0,1,"{""wallstreetbets"":7}"
2026-09-27,OVID,1,1,0,1,0,1,"{""pennystocks"":1}"
2026-09-27,PAC,1,1,0,1,0,1,"{""wallstreetbets"":1}"
2026-09-27,PANW,1,1,0,1,0,1,"{""wallstreetbets"":1}"
2026-09-27,PDSB,1,1,0,1,0,1,"{""pennystocks"":1}"
2026-09-27,PDYN,2,1,1,1,0,1,"{""pennystocks"":1,""wallstreetbets"":1}"
2026-09-27,PINS,1,1,0,1,0,1,"{""wallstreetbets"":1}"
2026-09-27,PLG,1,1,0,1,0,1,"{""pennystocks"":1}"
2026-09-27,PLTR,1,1,0,1,0,1,"{""wallstreetbets"":1}"
2026-09-27,PNW,1,1,0,1,0,1,"{""wallstreetbets"":1}"
2026-09-27,PRIM,1,1,0,1,0,1,"{""pennystocks"":1}"
2026-09-27,PTKN,3,2,0,3,0,0,"{""pennystocks"":3}"
2026-09-27,PULM,1,1,1,0,0,1,"{""pennystocks"":1}"
2026-09-27,QBTS,1,1,0,1,0,1,"{""wallstreetbets"":1}"
2026-09-27,QCOM,1,1,0,1,0,1,"{""wallstreetbets"":1}"
2026-09-27,QFIN,1,1,0,1,0,1,"{""pennystocks"":1}"
2026-09-27,QNT,2,2,0,2,0,1,"{""wallstreetbets"":2}"
2026-09-27,QQQ,17,14,0,17,0,1,"{""smallstreetbets"":2,""wallstreetbets"":15}"
2026-09-27,QQQM,1,1,0,1,0,1,"{""wallstreetbets"":1}"
2026-09-27,QSI,1,1,0,1,0,1,"{""pennystocks"":1}"
2026-09-27,QUBT,1,1,0,1,0,1,"{""wallstreetbets"":1}"
2026-09-27,RBLX,1,1,0,1,0,1,"{""wallstreetbets"":1}"
2026-09-27,RDDT,2,2,0,2,0,1,"{""wallstreetbets"":2}"
2026-09-27,RETO,1,1,0,1,0,1,"{""pennystocks"":1}"
2026-09-27,RGTI,1,1,0,1,0,1,"{""wallstreetbets"":1}"
2026-09-27,RIOT,1,1,0,1,0,1,"{""wallstreetbets"":1}"
2026-09-27,RKLB,2,2,0,2,0,1,"{""wallstreetbets"":2}"
2026-09-27,RUM,1,1,0,1,0,1,"{""wallstreetbets"":1}"
2026-09-27,RVI,1,1,0,1,0,1,"{""smallstreetbets"":1}"
2026-09-27,SAFX,1,1,0,1,0,1,"{""pennystocks"":1}"
2026-09-27,SATL,2,1,0,2,0,1,"{""pennystocks"":1,""wallstreetbets"":1}"
2026-09-27,SCA,1,1,0,1,0,1,"{""wallstreetbets"":1}"
2026-09-27,SCCO,1,1,0,1,0,1,"{""wallstreetbets"":1}"
2026-09-27,SCHB,1,1,0,1,0,1,"{""wallstreetbets"":1}"
2026-09-27,SGA,2,2,0,2,0,1,"{""wallstreetbets"":2}"
2026-09-27,SGOV,1,1,0,1,0,1,"{""wallstreetbets"":1}"
2026-09-27,SKHY,1,1,0,1,0,1,"{""wallstreetbets"":1}"
2026-09-27,SKYX,2,1,1,1,0,1,"{""pennystocks"":2}"
2026-09-27,SLS,5,4,0,5,0,1,"{""pennystocks"":2,""wallstreetbets"":3}"
2026-09-27,SMCI,3,3,0,3,0,1,"{""pennystocks"":1,""wallstreetbets"":2}"
2026-09-27,SNDK,7,4,0,7,0,1,"{""wallstreetbets"":7}"
2026-09-27,SOFI,1,1,0,1,0,1,"{""pennystocks"":1}"
2026-09-27,SOXX,1,1,0,1,0,1,"{""wallstreetbets"":1}"
2026-09-27,SPCE,4,2,0,4,0,1,"{""smallstreetbets"":4}"
2026-09-27,SPCX,8,6,0,8,0,1,"{""wallstreetbets"":8}"
2026-09-27,SPY,36,32,0,36,0,1,"{""smallstreetbets"":1,""wallstreetbets"":35}"
2026-09-27,SQQQ,1,1,0,1,0,1,"{""wallstreetbets"":1}"
2026-09-27,SSYS,1,1,0,1,0,1,"{""pennystocks"":1}"
2026-09-27,TBF,1,1,0,1,0,1,"{""wallstreetbets"":1}"
2026-09-27,TE,1,1,0,1,0,1,"{""pennystocks"":1}"
2026-09-27,TECL,1,1,0,1,0,1,"{""wallstreetbets"":1}"
2026-09-27,TENX,1,1,0,1,0,1,"{""pennystocks"":1}"
2026-09-27,THC,1,1,0,1,0,1,"{""wallstreetbets"":1}"
2026-09-27,TLT,3,2,0,3,0,1,"{""wallstreetbets"":3}"
2026-09-27,TMF,1,1,0,1,0,1,"{""wallstreetbets"":1}"
2026-09-27,TNON,2,1,0,2,0,1,"{""pennystocks"":2}"
2026-09-27,TNYA,1,1,0,1,0,1,"{""pennystocks"":1}"
2026-09-27,TOYO,1,1,0,1,0,1,"{""smallstreetbets"":1}"
2026-09-27,TQQQ,2,2,0,2,0,1,"{""smallstreetbets"":2}"
2026-09-27,TSLA,7,7,0,7,0,1,"{""wallstreetbets"":7}"
2026-09-27,TSM,1,1,0,1,0,1,"{""wallstreetbets"":1}"
2026-09-27,TSN,1,1,0,1,0,1,"{""smallstreetbets"":1}"
2026-09-27,TSNP,1,1,0,1,0,0,"{""pennystocks"":1}"
2026-09-27,UEC,2,2,0,2,0,1,"{""wallstreetbets"":2}"
2026-09-27,UFO,1,1,0,1,0,1,"{""wallstreetbets"":1}"
2026-09-27,UMAC,1,1,0,1,0,1,"{""wallstreetbets"":1}"
2026-09-27,UMC,1,1,0,1,0,1,"{""wallstreetbets"":1}"
2026-09-27,USO,2,2,0,2,0,1,"{""wallstreetbets"":2}"
2026-09-27,UUUU,1,1,0,1,0,1,"{""wallstreetbets"":1}"
2026-09-27,VEU,1,1,0,1,0,1,"{""wallstreetbets"":1}"
2026-09-27,VLO,1,1,0,1,0,1,"{""wallstreetbets"":1}"
2026-09-27,VOO,5,5,0,5,0,1,"{""wallstreetbets"":5}"
2026-09-27,WBD,1,1,0,1,0,1,"{""wallstreetbets"":1}"
2026-09-27,WDC,3,3,0,3,0,1,"{""wallstreetbets"":3}"
2026-09-27,WYY,1,1,0,1,0,1,"{""pennystocks"":1}"
2026-09-27,XLU,1,1,0,1,0,1,"{""wallstreetbets"":1}"
2026-09-27,ZCOM,1,1,0,1,0,0,"{""wallstreetbets"":1}"
2026-09-28,AAOI,2,2,0,2,0,1,"{""wallstreetbets"":2}"
2026-09-28,AAPL,27,20,1,26,0,1,"{""wallstreetbets"":27}"
2026-09-28,ABCL,1,1,0,1,0,1,"{""wallstreetbets"":1}"
2026-09-28,ACN,3,3,0,3,0,1,"{""wallstreetbets"":3}"
2026-09-28,AEO,3,2,0,3,0,1,"{""wallstreetbets"":3}"
2026-09-28,AFRM,1,1,0,1,0,1,"{""wallstreetbets"":1}"
2026-09-28,AGNC,5,3,1,4,0,1,"{""wallstreetbets"":5}"
2026-09-28,AGNCO,1,1,0,1,0,1,"{""wallstreetbets"":1}"
2026-09-28,AKAM,2,1,0,2,0,1,"{""wallstreetbets"":2}"
2026-09-28,ALT,1,1,0,1,0,1,"{""pennystocks"":1}"
2026-09-28,AMAT,5,5,0,5,0,1,"{""wallstreetbets"":5}"
2026-09-28,AMC,11,11,2,9,0,1,"{""pennystocks"":1,""wallstreetbets"":10}"
2026-09-28,AMD,41,36,3,38,0,1,"{""pennystocks"":1,""wallstreetbets"":40}"
2026-09-28,AMPG,1,1,1,0,0,1,"{""wallstreetbets"":1}"
2026-09-28,AMPX,12,12,1,11,0,1,"{""wallstreetbets"":12}"
2026-09-28,AMSC,1,1,0,1,0,1,"{""wallstreetbets"":1}"
2026-09-28,AMZN,28,26,1,27,0,1,"{""wallstreetbets"":28}"
2026-09-28,ANIX,1,1,0,1,0,1,"{""pennystocks"":1}"
2026-09-28,APLD,6,5,0,6,0,1,"{""wallstreetbets"":6}"
2026-09-28,APP,2,1,0,2,0,1,"{""wallstreetbets"":2}"
2026-09-28,ARAY,9,8,1,8,0,1,"{""pennystocks"":9}"
2026-09-28,ARM,6,6,0,6,0,1,"{""smallstreetbets"":1,""wallstreetbets"":5}"
2026-09-28,ASML,2,2,0,2,0,1,"{""wallstreetbets"":2}"
2026-09-28,ASTL,1,1,1,0,0,1,"{""pennystocks"":1}"
2026-09-28,ASTS,12,11,0,12,0,1,"{""wallstreetbets"":12}"
2026-09-28,ATHS,2,1,0,2,0,1,"{""wallstreetbets"":2}"
2026-09-28,ATKR,1,1,0,1,0,1,"{""wallstreetbets"":1}"
2026-09-28,ATYR,1,1,0,1,0,1,"{""pennystocks"":1}"
2026-09-28,AUR,1,1,0,1,0,1,"{""wallstreetbets"":1}"
2026-09-28,AUUD,3,2,0,3,0,1,"{""pennystocks"":3}"
2026-09-28,AVGO,14,13,1,13,0,1,"{""wallstreetbets"":14}"
2026-09-28,AXG,1,1,1,0,0,1,"{""pennystocks"":1}"
2026-09-28,AXP,1,1,0,1,0,1,"{""wallstreetbets"":1}"
2026-09-28,BAM,1,1,0,1,0,1,"{""wallstreetbets"":1}"
2026-09-28,BATL,1,1,0,1,0,1,"{""pennystocks"":1}"
2026-09-28,BB,6,1,0,6,0,1,"{""wallstreetbets"":6}"
2026-09-28,BBAI,1,1,0,1,0,1,"{""wallstreetbets"":1}"
2026-09-28,BBB,1,1,0,1,0,1,"{""wallstreetbets"":1}"
2026-09-28,BBLG,1,1,0,1,0,1,"{""pennystocks"":1}"
2026-09-28,BE,1,1,0,1,0,1,"{""wallstreetbets"":1}"
2026-09-28,BENF,2,2,0,2,0,1,"{""pennystocks"":2}"
2026-09-28,BKR,1,1,0,1,0,1,"{""wallstreetbets"":1}"
2026-09-28,BNKK,1,1,0,1,0,1,"{""pennystocks"":1}"
2026-09-28,BNO,4,1,0,4,0,1,"{""wallstreetbets"":4}"
2026-09-28,BRUN,1,1,0,1,0,1,"{""wallstreetbets"":1}"
2026-09-28,BWET,39,9,0,39,0,1,"{""wallstreetbets"":39}"
2026-09-28,BZAI,2,2,0,2,0,1,"{""wallstreetbets"":2}"
2026-09-28,CANE,1,1,0,1,0,1,"{""wallstreetbets"":1}"
2026-09-28,CAPR,1,1,0,1,0,1,"{""wallstreetbets"":1}"
2026-09-28,CAPS,2,1,0,2,0,1,"{""pennystocks"":2}"
2026-09-28,CBRS,1,1,0,1,0,1,"{""wallstreetbets"":1}"
2026-09-28,CCL,9,9,0,9,0,1,"{""wallstreetbets"":9}"
2026-09-28,CDT,3,3,0,3,0,1,"{""pennystocks"":3}"
2026-09-28,CEG,1,1,0,1,0,1,"{""wallstreetbets"":1}"
2026-09-28,CELH,3,3,0,3,0,1,"{""wallstreetbets"":3}"
2026-09-28,CHGG,1,1,0,1,0,1,"{""pennystocks"":1}"
2026-09-28,CHTR,1,1,1,0,0,1,"{""wallstreetbets"":1}"
2026-09-28,CIFR,3,2,0,3,0,1,"{""wallstreetbets"":3}"
2026-09-28,CLF,1,1,0,1,0,1,"{""wallstreetbets"":1}"
2026-09-28,CLRO,3,2,0,3,0,1,"{""pennystocks"":3}"
2026-09-28,CLSE,1,1,0,1,0,1,"{""wallstreetbets"":1}"
2026-09-28,CMG,1,1,0,1,0,1,"{""wallstreetbets"":1}"
2026-09-28,CNC,1,1,0,1,0,1,"{""pennystocks"":1}"
2026-09-28,CNET,1,1,0,1,0,1,"{""pennystocks"":1}"
2026-09-28,CNR,1,1,0,1,0,1,"{""wallstreetbets"":1}"
2026-09-28,CNTB,1,1,0,1,0,1,"{""pennystocks"":1}"
2026-09-28,CNVS,3,1,0,3,0,1,"{""wallstreetbets"":3}"
2026-09-28,COHR,1,1,0,1,0,1,"{""wallstreetbets"":1}"
2026-09-28,COUR,4,1,1,3,0,1,"{""wallstreetbets"":4}"
2026-09-28,CPS,1,1,0,1,0,1,"{""wallstreetbets"":1}"
2026-09-28,CRDO,10,7,0,10,0,1,"{""wallstreetbets"":10}"
2026-09-28,CRML,2,2,0,2,0,1,"{""wallstreetbets"":2}"
2026-09-28,CRSR,1,1,0,1,0,1,"{""wallstreetbets"":1}"
2026-09-28,CRWD,7,7,2,5,1,1,"{""wallstreetbets"":7}"
2026-09-28,CRWV,4,3,0,4,0,1,"{""wallstreetbets"":4}"
2026-09-28,CTNT,2,2,0,2,0,1,"{""pennystocks"":2}"
2026-09-28,CVNA,7,3,0,7,0,1,"{""wallstreetbets"":7}"
2026-09-28,CVRX,3,2,0,3,0,1,"{""pennystocks"":3}"
2026-09-28,CVX,2,2,0,2,0,1,"{""wallstreetbets"":2}"
2026-09-28,CYPH,3,3,0,3,0,1,"{""pennystocks"":2,""wallstreetbets"":1}"
2026-09-28,D,1,1,0,1,0,1,"{""wallstreetbets"":1}"
2026-09-28,DBGI,2,1,0,2,0,1,"{""pennystocks"":2}"
2026-09-28,DDOG,1,1,0,1,0,1,"{""wallstreetbets"":1}"
2026-09-28,DEEZ,1,1,0,1,0,0,"{""wallstreetbets"":1}"
2026-09-28,DELL,8,5,0,8,0,1,"{""wallstreetbets"":8}"
2026-09-28,DIA,1,1,0,1,0,1,"{""wallstreetbets"":1}"
2026-09-28,DIS,1,1,0,1,0,1,"{""wallstreetbets"":1}"
2026-09-28,DJT,5,5,0,5,0,1,"{""wallstreetbets"":5}"
2026-09-28,DKNG,1,1,0,1,0,1,"{""wallstreetbets"":1}"
2026-09-28,DRTS,6,3,0,6,0,1,"{""wallstreetbets"":6}"
2026-09-28,DUK,1,1,0,1,0,1,"{""wallstreetbets"":1}"
2026-09-28,DXYZ,4,1,0,4,0,1,"{""wallstreetbets"":4}"
2026-09-28,EEIQ,1,1,0,1,0,1,"{""pennystocks"":1}"
2026-09-28,EFT,1,1,0,1,0,1,"{""wallstreetbets"":1}"
2026-09-28,ELAB,5,2,0,5,0,1,"{""pennystocks"":5}"
2026-09-28,ELF,1,1,0,1,0,1,"{""wallstreetbets"":1}"
2026-09-28,EOSE,5,4,2,3,0,1,"{""wallstreetbets"":5}"
2026-09-28,FFAI,2,1,0,2,0,1,"{""pennystocks"":2}"
2026-09-28,FICO,4,4,0,4,0,1,"{""wallstreetbets"":4}"
2026-09-28,FIGR,1,1,0,1,0,1,"{""wallstreetbets"":1}"
2026-09-28,FLNA,19,2,1,18,0,1,"{""pennystocks"":4,""wallstreetbets"":15}"
2026-09-28,FPS,1,1,0,1,0,1,"{""wallstreetbets"":1}"
2026-09-28,FREE,1,1,0,1,0,0,"{""wallstreetbets"":1}"
2026-09-28,FRMI,3,1,0,3,0,1,"{""wallstreetbets"":3}"
2026-09-28,FRVO,1,1,0,1,0,1,"{""wallstreetbets"":1}"
2026-09-28,FTCI,1,1,0,1,0,1,"{""pennystocks"":1}"
2026-09-28,FTHM,1,1,0,1,0,1,"{""pennystocks"":1}"
2026-09-28,FTNT,1,1,1,0,0,1,"{""wallstreetbets"":1}"
2026-09-28,GAYMF,1,1,0,1,0,0,"{""wallstreetbets"":1}"
2026-09-28,GCTK,1,1,0,1,0,1,"{""pennystocks"":1}"
2026-09-28,GEV,1,1,0,1,0,1,"{""wallstreetbets"":1}"
2026-09-28,GFS,4,3,0,4,0,1,"{""wallstreetbets"":4}"
2026-09-28,GFUZ,1,1,0,1,0,1,"{""wallstreetbets"":1}"
2026-09-28,GGLL,1,1,0,1,0,1,"{""wallstreetbets"":1}"
2026-09-28,GLD,24,10,0,24,0,1,"{""wallstreetbets"":24}"
2026-09-28,GLND,19,10,0,19,0,1,"{""pennystocks"":18,""wallstreetbets"":1}"
2026-09-28,GNUS,1,1,0,1,0,0,"{""wallstreetbets"":1}"
2026-09-28,GOOG,32,18,1,31,0,1,"{""wallstreetbets"":32}"
2026-09-28,GOOGL,18,12,0,18,0,1,"{""wallstreetbets"":18}"
2026-09-28,GRML,1,1,0,1,0,1,"{""pennystocks"":1}"
2026-09-28,GYGY,10,7,1,9,0,1,"{""pennystocks"":10}"
2026-09-28,HAWK,1,1,0,1,0,1,"{""wallstreetbets"":1}"
2026-09-28,HITI,1,1,0,1,0,1,"{""pennystocks"":1}"
2026-09-28,HNST,1,1,0,1,0,1,"{""pennystocks"":1}"
2026-09-28,HOG,1,1,0,1,0,1,"{""wallstreetbets"":1}"
2026-09-28,HOOD,8,7,1,7,0,1,"{""wallstreetbets"":8}"
2026-09-28,HOUR,1,1,0,1,0,1,"{""pennystocks"":1}"
2026-09-28,HRTG,1,1,0,1,0,1,"{""wallstreetbets"":1}"
2026-09-28,HSBC,1,1,0,1,0,1,"{""wallstreetbets"":1}"
2026-09-28,HTZ,2,2,1,1,0,1,"{""pennystocks"":1,""wallstreetbets"":1}"
2026-09-28,HUBS,1,1,0,1,0,1,"{""wallstreetbets"":1}"
2026-09-28,IBIT,1,1,0,1,0,1,"{""wallstreetbets"":1}"
2026-09-28,IBKR,7,7,0,7,0,1,"{""wallstreetbets"":7}"
2026-09-28,IBM,1,1,0,1,0,1,"{""wallstreetbets"":1}"
2026-09-28,IEF,1,1,0,1,0,1,"{""wallstreetbets"":1}"
2026-09-28,IMSR,1,1,0,1,0,1,"{""wallstreetbets"":1}"
2026-09-28,INFQ,1,1,0,1,0,1,"{""wallstreetbets"":1}"
2026-09-28,INTC,12,10,0,12,0,1,"{""wallstreetbets"":12}"
2026-09-28,INTU,1,1,0,1,0,1,"{""wallstreetbets"":1}"
2026-09-28,IONQ,8,4,0,8,0,1,"{""wallstreetbets"":8}"
2026-09-28,IPST,1,1,0,1,0,1,"{""pennystocks"":1}"
2026-09-28,IREN,3,2,0,3,0,1,"{""wallstreetbets"":3}"
2026-09-28,ITA,1,1,0,1,0,1,"{""wallstreetbets"":1}"
2026-09-28,ITRI,1,1,0,1,0,1,"{""wallstreetbets"":1}"
2026-09-28,IVVD,2,1,1,1,0,1,"{""wallstreetbets"":2}"
2026-09-28,IWM,7,6,0,7,0,1,"{""smallstreetbets"":2,""wallstreetbets"":5}"
2026-09-28,JADE,1,1,0,1,0,1,"{""wallstreetbets"":1}"
2026-09-28,JAGX,1,1,0,1,0,1,"{""pennystocks"":1}"
2026-09-28,JEPI,1,1,0,1,0,1,"{""wallstreetbets"":1}"
2026-09-28,JPM,2,2,0,2,0,1,"{""wallstreetbets"":2}"
2026-09-28,KGRN,1,1,0,1,0,1,"{""wallstreetbets"":1}"
2026-09-28,KITT,1,1,1,0,0,1,"{""pennystocks"":1}"
2026-09-28,KLAR,2,2,0,2,0,1,"{""wallstreetbets"":2}"
2026-09-28,KMT,1,1,0,1,0,1,"{""wallstreetbets"":1}"
2026-09-28,KMX,3,2,0,3,0,1,"{""wallstreetbets"":3}"
2026-09-28,KNRX,2,2,0,2,0,1,"{""pennystocks"":2}"
2026-09-28,KOD,18,14,1,17,0,1,"{""pennystocks"":4,""smallstreetbets"":1,""wallstreetbets"":13}"
2026-09-28,KODK,1,1,1,0,0,1,"{""pennystocks"":1}"
2026-09-28,KRMN,1,1,0,1,0,1,"{""wallstreetbets"":1}"
2026-09-28,LABT,1,1,0,1,0,1,"{""wallstreetbets"":1}"
2026-09-28,LAC,1,1,0,1,0,1,"{""wallstreetbets"":1}"
2026-09-28,LCID,1,1,0,1,0,1,"{""wallstreetbets"":1}"
2026-09-28,LCTX,1,1,0,1,0,1,"{""pennystocks"":1}"
2026-09-28,LEGO,1,1,0,1,0,1,"{""wallstreetbets"":1}"
2026-09-28,LEN,1,1,0,1,0,1,"{""wallstreetbets"":1}"
2026-09-28,LITE,4,4,1,3,0,1,"{""wallstreetbets"":4}"
2026-09-28,LMT,1,1,0,1,0,1,"{""wallstreetbets"":1}"
2026-09-28,LSEQ,1,1,0,1,0,1,"{""wallstreetbets"":1}"
2026-09-28,LULU,2,1,0,2,0,1,"{""wallstreetbets"":2}"
2026-09-28,LUNR,2,2,0,2,0,1,"{""wallstreetbets"":2}"
2026-09-28,MA,1,1,0,1,0,1,"{""wallstreetbets"":1}"
2026-09-28,MAGS,1,1,0,1,0,1,"{""wallstreetbets"":1}"
2026-09-28,MARA,1,1,1,0,0,1,"{""wallstreetbets"":1}"
2026-09-28,MCD,14,11,0,14,0,1,"{""smallstreetbets"":4,""wallstreetbets"":10}"
2026-09-28,MDB,37,31,0,37,0,1,"{""wallstreetbets"":37}"
2026-09-28,MDT,1,1,0,1,0,1,"{""wallstreetbets"":1}"
2026-09-28,MEDS,3,3,1,2,0,1,"{""pennystocks"":3}"
2026-09-28,MESH,1,1,0,1,0,1,"{""wallstreetbets"":1}"
2026-09-28,META,113,76,1,112,0,1,"{""wallstreetbets"":113}"
2026-09-28,MIMI,3,2,1,2,0,1,"{""pennystocks"":3}"
2026-09-28,MKL,1,1,0,1,0,1,"{""wallstreetbets"":1}"
2026-09-28,MNOV,1,1,1,0,0,1,"{""pennystocks"":1}"
2026-09-28,MOBX,1,1,0,1,0,1,"{""pennystocks"":1}"
2026-09-28,MOD,1,1,0,1,0,1,"{""wallstreetbets"":1}"
2026-09-28,MOVE,1,1,0,1,0,1,"{""wallstreetbets"":1}"
2026-09-28,MPC,1,1,0,1,0,1,"{""wallstreetbets"":1}"
2026-09-28,MRNA,6,6,0,6,0,1,"{""wallstreetbets"":6}"
2026-09-28,MRVL,6,6,0,6,0,1,"{""wallstreetbets"":6}"
2026-09-28,MSFT,34,25,0,34,0,1,"{""smallstreetbets"":1,""wallstreetbets"":33}"
2026-09-28,MSGY,2,1,0,2,0,1,"{""pennystocks"":2}"
2026-09-28,MSM,1,1,0,1,0,1,"{""wallstreetbets"":1}"
2026-09-28,MSTR,3,3,0,3,0,1,"{""wallstreetbets"":3}"
2026-09-28,MTEK,1,1,0,1,0,1,"{""pennystocks"":1}"
2026-09-28,MTSI,1,1,1,0,0,1,"{""wallstreetbets"":1}"
2026-09-28,MU,18,9,2,16,0,1,"{""smallstreetbets"":1,""wallstreetbets"":17}"
2026-09-28,MUU,4,3,0,4,0,1,"{""smallstreetbets"":1,""wallstreetbets"":3}"
2026-09-28,MWC,1,1,0,1,0,1,"{""pennystocks"":1}"
2026-09-28,MX,3,2,0,3,0,1,"{""wallstreetbets"":3}"
2026-09-28,NBIS,15,11,0,15,0,1,"{""wallstreetbets"":15}"
2026-09-28,NEE,1,1,0,1,0,1,"{""wallstreetbets"":1}"
2026-09-28,NFLX,20,17,1,19,0,1,"{""wallstreetbets"":20}"
2026-09-28,NIO,3,3,0,3,0,1,"{""wallstreetbets"":3}"
2026-09-28,NKE,18,16,1,17,0,1,"{""wallstreetbets"":18}"
2026-09-28,NOK,2,2,0,2,0,1,"{""smallstreetbets"":2}"
2026-09-28,NRGV,4,1,2,2,1,1,"{""pennystocks"":1,""wallstreetbets"":3}"
2026-09-28,NTSK,1,1,0,1,0,1,"{""wallstreetbets"":1}"
2026-09-28,NU,2,2,0,2,0,1,"{""wallstreetbets"":2}"
2026-09-28,NUAI,1,1,0,1,0,1,"{""wallstreetbets"":1}"
2026-09-28,NUE,1,1,0,1,0,1,"{""pennystocks"":1}"
2026-09-28,NVDA,153,101,5,148,0,1,"{""wallstreetbets"":153}"
2026-09-28,NVO,1,1,0,1,0,1,"{""wallstreetbets"":1}"
2026-09-28,NVTS,4,4,0,4,0,1,"{""wallstreetbets"":4}"
2026-09-28,NWTG,1,1,0,1,0,1,"{""pennystocks"":1}"
2026-09-28,OESX,1,1,0,1,0,1,"{""pennystocks"":1}"
2026-09-28,OFAL,3,1,0,3,0,1,"{""pennystocks"":3}"
2026-09-28,OKLO,2,2,0,2,0,1,"{""wallstreetbets"":2}"
2026-09-28,OKTA,1,1,1,0,0,1,"{""wallstreetbets"":1}"
2026-09-28,ONDS,6,4,0,6,0,1,"{""wallstreetbets"":6}"
2026-09-28,ONON,1,1,0,1,0,1,"{""wallstreetbets"":1}"
2026-09-28,OPEN,1,1,0,1,0,1,"{""pennystocks"":1}"
2026-09-28,OPRA,1,1,0,1,0,1,"{""wallstreetbets"":1}"
2026-09-28,OPTH,1,1,1,0,0,1,"{""pennystocks"":1}"
2026-09-28,ORBS,2,2,0,2,0,1,"{""pennystocks"":2}"
2026-09-28,ORCL,29,24,1,28,0,1,"{""wallstreetbets"":29}"
2026-09-28,OTLK,1,1,0,1,0,1,"{""wallstreetbets"":1}"
2026-09-28,OWL,1,1,1,0,0,1,"{""wallstreetbets"":1}"
2026-09-28,OXY,1,1,0,1,0,1,"{""wallstreetbets"":1}"
2026-09-28,PAC,1,1,0,1,0,1,"{""wallstreetbets"":1}"
2026-09-28,PACB,1,1,0,1,0,1,"{""pennystocks"":1}"
2026-09-28,PANW,1,1,1,0,0,1,"{""wallstreetbets"":1}"
2026-09-28,PBJ,1,1,0,1,0,1,"{""wallstreetbets"":1}"
2026-09-28,PLTD,1,1,0,1,0,1,"{""wallstreetbets"":1}"
2026-09-28,PLTR,5,5,0,5,0,1,"{""wallstreetbets"":5}"
2026-09-28,PLTZ,1,1,0,1,0,1,"{""wallstreetbets"":1}"
2026-09-28,PMAX,1,1,0,1,0,1,"{""pennystocks"":1}"
2026-09-28,POOR,1,1,0,1,0,0,"{""wallstreetbets"":1}"
2026-09-28,PPBT,2,1,0,2,0,1,"{""pennystocks"":2}"
2026-09-28,PRGS,1,1,0,1,0,1,"{""wallstreetbets"":1}"
2026-09-28,PS,1,1,1,0,0,1,"{""smallstreetbets"":1}"
2026-09-28,PSKY,1,1,0,1,0,1,"{""wallstreetbets"":1}"
2026-09-28,PUSA,1,1,0,1,0,1,"{""pennystocks"":1}"
2026-09-28,PYPL,1,1,0,1,0,1,"{""wallstreetbets"":1}"
2026-09-28,QBTS,1,1,0,1,0,1,"{""wallstreetbets"":1}"
2026-09-28,QCOM,7,4,0,7,0,1,"{""wallstreetbets"":7}"
2026-09-28,QNC,5,3,0,5,0,1,"{""wallstreetbets"":5}"
2026-09-28,QNT,1,1,0,1,0,1,"{""wallstreetbets"":1}"
2026-09-28,QQQ,64,42,1,63,0,1,"{""smallstreetbets"":2,""wallstreetbets"":62}"
2026-09-28,QXO,3,2,0,3,0,1,"{""wallstreetbets"":3}"
2026-09-28,QYLD,1,1,0,1,0,1,"{""wallstreetbets"":1}"
2026-09-28,RCAT,1,1,0,1,0,1,"{""wallstreetbets"":1}"
2026-09-28,RCI,1,1,0,1,0,1,"{""wallstreetbets"":1}"
2026-09-28,RDDT,37,28,0,37,1,1,"{""wallstreetbets"":37}"
2026-09-28,RDTL,1,1,0,1,0,1,"{""wallstreetbets"":1}"
2026-09-28,RGTI,2,2,0,2,0,1,"{""wallstreetbets"":2}"
2026-09-28,RIOT,1,1,0,1,0,1,"{""wallstreetbets"":1}"
2026-09-28,RIVN,6,5,0,6,0,1,"{""smallstreetbets"":1,""wallstreetbets"":5}"
2026-09-28,RKLB,10,7,0,10,0,1,"{""wallstreetbets"":10}"
2026-09-28,ROC,2,1,0,2,0,1,"{""pennystocks"":2}"
2026-09-28,ROPE,1,1,0,1,0,1,"{""wallstreetbets"":1}"
2026-09-28,RPD,1,1,1,0,0,1,"{""wallstreetbets"":1}"
2026-09-28,RSP,2,2,1,1,0,1,"{""wallstreetbets"":2}"
2026-09-28,RZLV,6,5,2,4,0,1,"{""pennystocks"":5,""wallstreetbets"":1}"
2026-09-28,SATL,4,2,0,4,0,1,"{""pennystocks"":2,""wallstreetbets"":2}"
2026-09-28,SBET,1,1,0,1,0,1,"{""wallstreetbets"":1}"
2026-09-28,SBUX,1,1,1,0,0,1,"{""smallstreetbets"":1}"
2026-09-28,SCHD,3,1,0,3,0,1,"{""wallstreetbets"":3}"
2026-09-28,SCYX,1,1,0,1,0,1,"{""pennystocks"":1}"
2026-09-28,SDEV,1,1,0,1,0,1,"{""pennystocks"":1}"
2026-09-28,SECZ,1,1,0,1,0,1,"{""wallstreetbets"":1}"
2026-09-28,SFIX,1,1,0,1,0,1,"{""wallstreetbets"":1}"
2026-09-28,SGA,1,1,0,1,0,1,"{""wallstreetbets"":1}"
2026-09-28,SGOV,3,2,1,2,0,1,"{""wallstreetbets"":3}"
2026-09-28,SIRI,1,1,0,1,0,1,"{""wallstreetbets"":1}"
2026-09-28,SKHY,6,5,0,6,0,1,"{""wallstreetbets"":6}"
2026-09-28,SKWD,1,1,0,1,0,1,"{""wallstreetbets"":1}"
2026-09-28,SLDE,1,1,0,1,0,1,"{""wallstreetbets"":1}"
2026-09-28,SLS,11,7,0,11,0,1,"{""pennystocks"":1,""wallstreetbets"":10}"
2026-09-28,SLV,2,2,0,2,0,1,"{""wallstreetbets"":2}"
2026-09-28,SLXN,1,1,0,1,0,1,"{""pennystocks"":1}"
2026-09-28,SMCI,7,7,0,7,0,1,"{""wallstreetbets"":7}"
2026-09-28,SMR,1,1,0,1,0,1,"{""wallstreetbets"":1}"
2026-09-28,SMTC,1,1,0,1,0,1,"{""wallstreetbets"":1}"
2026-09-28,SNDK,36,21,0,36,0,1,"{""wallstreetbets"":36}"
2026-09-28,SNDQ,1,1,0,1,0,1,"{""wallstreetbets"":1}"
2026-09-28,SNXX,3,3,0,3,0,1,"{""wallstreetbets"":3}"
2026-09-28,SOAR,23,14,0,23,0,1,"{""pennystocks"":23}"
2026-09-28,SOFI,6,6,0,6,0,1,"{""pennystocks"":1,""wallstreetbets"":5}"
2026-09-28,SOON,1,1,0,1,0,0,"{""wallstreetbets"":1}"
2026-09-28,SOUN,1,1,0,1,0,1,"{""wallstreetbets"":1}"
2026-09-28,SOXL,14,11,0,14,0,1,"{""wallstreetbets"":14}"
2026-09-28,SOXS,9,6,1,8,0,1,"{""smallstreetbets"":1,""wallstreetbets"":8}"
2026-09-28,SOXX,2,2,0,2,0,1,"{""wallstreetbets"":2}"
2026-09-28,SOXY,1,1,0,1,0,1,"{""pennystocks"":1}"
2026-09-28,SPCX,31,26,0,31,1,1,"{""wallstreetbets"":31}"
2026-09-28,SPG,1,1,0,1,0,1,"{""wallstreetbets"":1}"
2026-09-28,SPMO,1,1,0,1,0,1,"{""wallstreetbets"":1}"
2026-09-28,SPNT,1,1,0,1,0,1,"{""wallstreetbets"":1}"
2026-09-28,SPY,263,152,3,260,0,1,"{""smallstreetbets"":4,""wallstreetbets"":259}"
2026-09-28,SQQQ,9,6,0,9,0,1,"{""wallstreetbets"":9}"
2026-09-28,SRFM,3,3,1,2,0,1,"{""pennystocks"":3}"
2026-09-28,STX,1,1,0,1,0,1,"{""wallstreetbets"":1}"
2026-09-28,SWISF,1,1,1,0,0,0,"{""pennystocks"":1}"
2026-09-28,SWKS,1,1,0,1,0,1,"{""wallstreetbets"":1}"
2026-09-28,SWMR,3,2,1,2,0,1,"{""wallstreetbets"":3}"
2026-09-28,TBF,1,1,0,1,0,1,"{""wallstreetbets"":1}"
2026-09-28,TDIC,1,1,1,0,0,1,"{""pennystocks"":1}"
2026-09-28,TENB,1,1,1,0,0,1,"{""wallstreetbets"":1}"
2026-09-28,TENX,1,1,0,1,0,1,"{""pennystocks"":1}"
2026-09-28,TLT,36,31,1,35,0,1,"{""wallstreetbets"":36}"
2026-09-28,TMC,1,1,0,1,0,1,"{""wallstreetbets"":1}"
2026-09-28,TMCR,6,6,0,6,0,1,"{""pennystocks"":3,""wallstreetbets"":3}"
2026-09-28,TQQQ,7,6,2,5,0,1,"{""smallstreetbets"":2,""wallstreetbets"":5}"
2026-09-28,TRAD,1,1,0,1,0,1,"{""wallstreetbets"":1}"
2026-09-28,TSHA,1,1,0,1,0,1,"{""wallstreetbets"":1}"
2026-09-28,TSLA,30,21,2,28,0,1,"{""smallstreetbets"":1,""wallstreetbets"":29}"
2026-09-28,TSM,6,4,0,6,0,1,"{""wallstreetbets"":6}"
2026-09-28,TTD,5,5,1,4,0,1,"{""wallstreetbets"":5}"
2026-09-28,TWG,1,1,1,0,0,1,"{""pennystocks"":1}"
2026-09-28,UBER,1,1,0,1,0,1,"{""wallstreetbets"":1}"
2026-09-28,UCTT,1,1,0,1,0,1,"{""wallstreetbets"":1}"
2026-09-28,UEC,3,2,0,3,0,1,"{""wallstreetbets"":3}"
2026-09-28,UGA,1,1,0,1,0,1,"{""wallstreetbets"":1}"
2026-09-28,UGE,1,1,0,1,0,1,"{""wallstreetbets"":1}"
2026-09-28,UMAC,1,1,0,1,0,1,"{""pennystocks"":1}"
2026-09-28,UPST,1,1,0,1,0,1,"{""wallstreetbets"":1}"
2026-09-28,USAR,1,1,0,1,0,1,"{""wallstreetbets"":1}"
2026-09-28,USDE,2,1,0,2,0,1,"{""wallstreetbets"":2}"
2026-09-28,USO,21,15,0,21,0,1,"{""wallstreetbets"":21}"
2026-09-28,UUUU,2,2,0,2,0,1,"{""wallstreetbets"":2}"
2026-09-28,UVIX,1,1,0,1,0,1,"{""wallstreetbets"":1}"
2026-09-28,UWM,3,1,0,3,0,1,"{""wallstreetbets"":3}"
2026-09-28,VALE,1,1,0,1,0,1,"{""wallstreetbets"":1}"
2026-09-28,VLO,2,2,0,2,0,1,"{""wallstreetbets"":2}"
2026-09-28,VOO,12,11,0,12,0,1,"{""wallstreetbets"":12}"
2026-09-28,VSXY,1,1,0,1,0,1,"{""wallstreetbets"":1}"
2026-09-28,VT,1,1,0,1,0,1,"{""wallstreetbets"":1}"
2026-09-28,VTEC,1,1,0,1,0,1,"{""wallstreetbets"":1}"
2026-09-28,VXX,1,1,0,1,0,1,"{""wallstreetbets"":1}"
2026-09-28,VZW,1,1,0,1,0,0,"{""wallstreetbets"":1}"
2026-09-28,WBUY,7,4,1,6,0,1,"{""pennystocks"":7}"
2026-09-28,WDC,3,3,0,3,0,1,"{""wallstreetbets"":3}"
2026-09-28,WEN,1,1,0,1,0,1,"{""wallstreetbets"":1}"
2026-09-28,WLDN,1,1,0,1,0,1,"{""wallstreetbets"":1}"
2026-09-28,WMT,1,1,0,1,0,1,"{""wallstreetbets"":1}"
2026-09-28,WTG,1,1,0,1,0,1,"{""wallstreetbets"":1}"
2026-09-28,XE,1,1,0,1,0,1,"{""wallstreetbets"":1}"
2026-09-28,XHLD,1,1,0,1,0,1,"{""pennystocks"":1}"
2026-09-28,XLF,1,1,1,0,0,1,"{""wallstreetbets"":1}"
2026-09-28,XLK,1,1,0,1,0,1,"{""wallstreetbets"":1}"
2026-09-28,XLU,1,1,0,1,0,1,"{""wallstreetbets"":1}"
2026-09-28,XNDU,2,2,1,1,0,1,"{""wallstreetbets"":2}"
2026-09-28,XOM,2,2,0,2,0,1,"{""wallstreetbets"":2}"
2026-09-28,XRAY,2,1,2,0,0,1,"{""wallstreetbets"":2}"
2026-09-28,XTND,1,1,0,1,0,1,"{""pennystocks"":1}"
2026-09-28,XXX,1,1,0,1,0,1,"{""wallstreetbets"":1}"
2026-09-28,YMT,3,2,0,3,0,1,"{""pennystocks"":3}"
2026-09-28,YYAI,2,1,2,0,0,1,"{""pennystocks"":1,""wallstreetbets"":1}"
2026-09-29,AAOI,2,2,0,2,0,1,"{""wallstreetbets"":2}"
2026-09-29,AAPL,36,26,3,33,0,1,"{""wallstreetbets"":36}"
2026-09-29,ABCL,2,2,0,2,0,1,"{""wallstreetbets"":2}"
2026-09-29,ABLV,1,1,0,1,0,1,"{""pennystocks"":1}"
2026-09-29,ABTS,1,1,1,0,1,1,"{""pennystocks"":1}"
2026-09-29,ACI,1,1,0,1,0,1,"{""wallstreetbets"":1}"
2026-09-29,ADBE,2,2,0,2,0,1,"{""wallstreetbets"":2}"
2026-09-29,ADSK,2,1,0,2,0,1,"{""wallstreetbets"":2}"
2026-09-29,AEO,3,2,0,3,0,1,"{""wallstreetbets"":3}"
2026-09-29,AFK,1,1,0,1,0,1,"{""wallstreetbets"":1}"
2026-09-29,AFRM,1,1,0,1,0,1,"{""wallstreetbets"":1}"
2026-09-29,AKAM,5,2,0,5,0,1,"{""wallstreetbets"":5}"
2026-09-29,ALNY,8,1,0,8,0,1,"{""wallstreetbets"":8}"
2026-09-29,ALP,1,1,1,0,0,1,"{""pennystocks"":1}"
2026-09-29,ALST,1,1,1,0,0,0,"{""pennystocks"":1}"
2026-09-29,AMAT,2,2,0,2,0,1,"{""wallstreetbets"":2}"
2026-09-29,AMC,4,4,0,4,0,1,"{""wallstreetbets"":4}"
2026-09-29,AMD,48,39,1,47,0,1,"{""wallstreetbets"":48}"
2026-09-29,AMPX,1,1,0,1,0,1,"{""pennystocks"":1}"
2026-09-29,AMZN,42,33,2,40,0,1,"{""wallstreetbets"":42}"
2026-09-29,ANTW,1,1,0,1,0,1,"{""wallstreetbets"":1}"
2026-09-29,ANY,1,1,1,0,0,0,"{""pennystocks"":1}"
2026-09-29,APLD,11,7,0,11,0,1,"{""wallstreetbets"":11}"
2026-09-29,APP,3,3,0,3,0,1,"{""wallstreetbets"":3}"
2026-09-29,APPL,1,1,0,1,0,0,"{""wallstreetbets"":1}"
2026-09-29,APUS,3,1,0,3,0,1,"{""wallstreetbets"":3}"
2026-09-29,ARAY,1,1,0,1,0,1,"{""pennystocks"":1}"
2026-09-29,ARB,1,1,0,1,0,1,"{""wallstreetbets"":1}"
2026-09-29,ARM,8,7,0,8,0,1,"{""wallstreetbets"":8}"
2026-09-29,ASIC,1,1,0,1,0,1,"{""wallstreetbets"":1}"
2026-09-29,ASML,5,4,0,5,0,1,"{""wallstreetbets"":5}"
2026-09-29,ASTS,72,53,2,70,0,1,"{""smallstreetbets"":1,""wallstreetbets"":71}"
2026-09-29,ATCH,1,1,0,1,0,1,"{""pennystocks"":1}"
2026-09-29,AVAV,1,1,0,1,0,1,"{""wallstreetbets"":1}"
2026-09-29,AVGO,16,14,0,16,0,1,"{""wallstreetbets"":16}"
2026-09-29,AVL,1,1,0,1,0,1,"{""wallstreetbets"":1}"
2026-09-29,AXTI,1,1,0,1,0,1,"{""wallstreetbets"":1}"
2026-09-29,BABA,3,2,0,3,0,1,"{""wallstreetbets"":3}"
2026-09-29,BAC,1,1,0,1,0,1,"{""wallstreetbets"":1}"
2026-09-29,BAER,2,2,2,0,0,1,"{""pennystocks"":1,""wallstreetbets"":1}"
2026-09-29,BB,1,1,0,1,0,1,"{""wallstreetbets"":1}"
2026-09-29,BBLG,2,1,0,2,0,1,"{""pennystocks"":2}"
2026-09-29,BE,4,3,0,4,0,1,"{""wallstreetbets"":4}"
2026-09-29,BFS,1,1,1,0,0,1,"{""pennystocks"":1}"
2026-09-29,BGIN,1,1,0,1,0,1,"{""pennystocks"":1}"
2026-09-29,BKYI,14,5,2,12,0,1,"{""pennystocks"":13,""smallstreetbets"":1}"
2026-09-29,BMEA,1,1,0,1,0,1,"{""pennystocks"":1}"
2026-09-29,BMNR,1,1,0,1,0,1,"{""pennystocks"":1}"
2026-09-29,BOFA,1,1,0,1,0,0,"{""wallstreetbets"":1}"
2026-09-29,BTI,1,1,0,1,0,1,"{""wallstreetbets"":1}"
2026-09-29,BTU,1,1,0,1,0,1,"{""wallstreetbets"":1}"
2026-09-29,CAPS,15,1,0,15,0,1,"{""pennystocks"":15}"
2026-09-29,CBRS,9,5,0,9,0,1,"{""wallstreetbets"":9}"
2026-09-29,CCL,18,14,0,18,0,1,"{""wallstreetbets"":18}"
2026-09-29,CDL,1,1,0,1,0,1,"{""wallstreetbets"":1}"
2026-09-29,CDT,1,1,0,1,0,1,"{""pennystocks"":1}"
2026-09-29,CELH,2,2,0,2,0,1,"{""wallstreetbets"":2}"
2026-09-29,CEPI,1,1,1,0,0,1,"{""pennystocks"":1}"
2026-09-29,CHXMF,1,1,1,0,0,0,"{""pennystocks"":1}"
2026-09-29,CIFR,3,2,0,3,0,1,"{""wallstreetbets"":3}"
2026-09-29,CLORD,1,1,0,1,0,0,"{""wallstreetbets"":1}"
2026-09-29,CLRO,1,1,1,0,0,1,"{""pennystocks"":1}"
2026-09-29,CMPS,1,1,0,1,0,1,"{""pennystocks"":1}"
2026-09-29,CNSY,1,1,0,1,0,1,"{""pennystocks"":1}"
2026-09-29,CNTB,1,1,0,1,0,1,"{""pennystocks"":1}"
2026-09-29,COLL,1,1,0,1,0,1,"{""wallstreetbets"":1}"
2026-09-29,COSM,1,1,0,1,0,1,"{""pennystocks"":1}"
2026-09-29,CPB,1,1,0,1,0,1,"{""wallstreetbets"":1}"
2026-09-29,CRDO,8,6,0,8,0,1,"{""wallstreetbets"":8}"
2026-09-29,CRM,1,1,0,1,0,1,"{""wallstreetbets"":1}"
2026-09-29,CRMD,1,1,0,1,0,1,"{""pennystocks"":1}"
2026-09-29,CRML,1,1,0,1,0,1,"{""wallstreetbets"":1}"
2026-09-29,CRSP,1,1,0,1,0,1,"{""wallstreetbets"":1}"
2026-09-29,CRWD,6,6,0,6,0,1,"{""wallstreetbets"":6}"
2026-09-29,CRWV,7,7,0,7,0,1,"{""smallstreetbets"":1,""wallstreetbets"":6}"
2026-09-29,CTGG,1,1,1,0,0,1,"{""wallstreetbets"":1}"
2026-09-29,CTHH,1,1,1,0,0,1,"{""wallstreetbets"":1}"
2026-09-29,CTNT,1,1,0,1,0,1,"{""pennystocks"":1}"
2026-09-29,CTS,1,1,0,1,0,1,"{""wallstreetbets"":1}"
2026-09-29,CVE,1,1,0,1,0,1,"{""pennystocks"":1}"
2026-09-29,CVNA,5,4,0,5,0,1,"{""wallstreetbets"":5}"
2026-09-29,CYAB,1,1,1,0,0,1,"{""pennystocks"":1}"
2026-09-29,CYPH,1,1,0,1,0,1,"{""pennystocks"":1}"
2026-09-29,DDD,1,1,0,1,0,1,"{""wallstreetbets"":1}"
2026-09-29,DDOG,2,2,0,2,0,1,"{""wallstreetbets"":2}"
2026-09-29,DELL,4,3,0,4,0,1,"{""wallstreetbets"":4}"
2026-09-29,DHS,1,1,1,0,0,1,"{""pennystocks"":1}"
2026-09-29,DIA,1,1,0,1,0,1,"{""wallstreetbets"":1}"
2026-09-29,DINO,1,1,0,1,0,1,"{""wallstreetbets"":1}"
2026-09-29,DJT,4,4,0,4,0,1,"{""wallstreetbets"":4}"
2026-09-29,DKNG,3,3,0,3,0,1,"{""pennystocks"":1,""wallstreetbets"":2}"
2026-09-29,DRK,1,1,1,0,0,1,"{""pennystocks"":1}"
2026-09-29,DTF,1,1,0,1,0,1,"{""wallstreetbets"":1}"
2026-09-29,DXST,1,1,0,1,0,1,"{""pennystocks"":1}"
2026-09-29,DXYZ,16,10,1,15,0,1,"{""wallstreetbets"":16}"
2026-09-29,EET,2,2,0,2,0,1,"{""wallstreetbets"":2}"
2026-09-29,EFT,1,1,0,1,0,1,"{""wallstreetbets"":1}"
2026-09-29,EKG,1,1,0,1,0,1,"{""wallstreetbets"":1}"
2026-09-29,ELAB,2,1,0,2,0,1,"{""pennystocks"":2}"
2026-09-29,EMP,1,1,0,1,0,1,"{""wallstreetbets"":1}"
2026-09-29,EONR,1,1,0,1,0,1,"{""pennystocks"":1}"
2026-09-29,EOSE,1,1,0,1,0,1,"{""wallstreetbets"":1}"
2026-09-29,EQTY,1,1,0,1,0,1,"{""wallstreetbets"":1}"
2026-09-29,ESTC,1,1,0,1,0,1,"{""wallstreetbets"":1}"
2026-09-29,EVGN,1,1,0,1,0,1,"{""pennystocks"":1}"
2026-09-29,FANG,1,1,0,1,0,1,"{""wallstreetbets"":1}"
2026-09-29,FFAI,12,6,2,10,0,1,"{""pennystocks"":12}"
2026-09-29,FICO,35,27,2,33,0,1,"{""smallstreetbets"":1,""wallstreetbets"":34}"
2026-09-29,FITE,1,1,0,1,0,1,"{""wallstreetbets"":1}"
2026-09-29,FLNA,4,1,0,4,0,1,"{""pennystocks"":4}"
2026-09-29,FPS,1,1,0,1,0,1,"{""smallstreetbets"":1}"
2026-09-29,FRVO,4,2,0,4,0,1,"{""wallstreetbets"":4}"
2026-09-29,FTNT,1,1,0,1,0,1,"{""wallstreetbets"":1}"
2026-09-29,FUN,1,1,1,0,0,1,"{""wallstreetbets"":1}"
2026-09-29,GCTS,1,1,0,1,0,1,"{""pennystocks"":1}"
2026-09-29,GEV,1,1,0,1,0,1,"{""wallstreetbets"":1}"
2026-09-29,GFS,1,1,0,1,0,1,"{""wallstreetbets"":1}"
2026-09-29,GGSM,1,1,0,1,0,0,"{""pennystocks"":1}"
2026-09-29,GIS,2,2,0,2,0,1,"{""wallstreetbets"":2}"
2026-09-29,GLD,5,3,0,5,0,1,"{""wallstreetbets"":5}"
2026-09-29,GLND,6,5,1,5,0,1,"{""pennystocks"":5,""wallstreetbets"":1}"
2026-09-29,GOOG,49,35,2,47,0,1,"{""wallstreetbets"":49}"
2026-09-29,GOOGL,57,31,2,55,0,1,"{""wallstreetbets"":57}"
2026-09-29,GOVX,1,1,1,0,0,1,"{""pennystocks"":1}"
2026-09-29,GPUS,1,1,0,1,0,1,"{""wallstreetbets"":1}"
2026-09-29,GRAB,1,1,0,1,0,1,"{""wallstreetbets"":1}"
2026-09-29,GRAL,1,1,0,1,0,1,"{""wallstreetbets"":1}"
2026-09-29,GRML,1,1,0,1,0,1,"{""wallstreetbets"":1}"
2026-09-29,GRRR,1,1,0,1,0,1,"{""wallstreetbets"":1}"
2026-09-29,HAIL,1,1,0,1,0,1,"{""wallstreetbets"":1}"
2026-09-29,HD,1,1,0,1,0,1,"{""wallstreetbets"":1}"
2026-09-29,HIMS,1,1,0,1,0,1,"{""wallstreetbets"":1}"
2026-09-29,HMR,1,1,1,0,0,1,"{""pennystocks"":1}"
2026-09-29,HOOD,13,11,0,13,0,1,"{""wallstreetbets"":13}"
2026-09-29,HOUR,1,1,0,1,0,1,"{""pennystocks"":1}"
2026-09-29,HOVR,2,2,0,2,0,1,"{""wallstreetbets"":2}"
2026-09-29,HPE,2,2,0,2,0,1,"{""wallstreetbets"":2}"
2026-09-29,HSTXF,1,1,1,0,0,0,"{""pennystocks"":1}"
2026-09-29,HUT,7,7,0,7,0,1,"{""wallstreetbets"":7}"
2026-09-29,IBKR,5,4,0,5,0,1,"{""wallstreetbets"":5}"
2026-09-29,IBM,3,3,0,3,0,1,"{""wallstreetbets"":3}"
2026-09-29,IDE,1,1,0,1,0,1,"{""wallstreetbets"":1}"
2026-09-29,IDN,1,1,0,1,0,1,"{""pennystocks"":1}"
2026-09-29,IDVO,1,1,0,1,0,1,"{""pennystocks"":1}"
2026-09-29,INFQ,1,1,0,1,0,1,"{""wallstreetbets"":1}"
2026-09-29,INTC,14,11,0,14,0,1,"{""wallstreetbets"":14}"
2026-09-29,INTL,1,1,0,1,0,1,"{""wallstreetbets"":1}"
2026-09-29,IONQ,2,2,1,1,0,1,"{""wallstreetbets"":2}"
2026-09-29,IOVA,36,21,3,33,0,1,"{""wallstreetbets"":36}"
2026-09-29,IREN,12,12,3,9,0,1,"{""smallstreetbets"":1,""wallstreetbets"":11}"
2026-09-29,ITA,2,2,0,2,0,1,"{""wallstreetbets"":2}"
2026-09-29,IWM,5,5,0,5,0,1,"{""wallstreetbets"":5}"
2026-09-29,IWMI,1,1,0,1,0,1,"{""pennystocks"":1}"
2026-09-29,JEPI,1,1,0,1,0,1,"{""wallstreetbets"":1}"
2026-09-29,JMKE,1,1,0,1,0,1,"{""wallstreetbets"":1}"
2026-09-29,JNK,1,1,0,1,0,1,"{""wallstreetbets"":1}"
2026-09-29,JPM,6,5,0,6,0,1,"{""wallstreetbets"":6}"
2026-09-29,KALA,5,1,0,5,0,1,"{""pennystocks"":5}"
2026-09-29,KEEL,1,1,0,1,0,1,"{""wallstreetbets"":1}"
2026-09-29,KHC,1,1,0,1,0,1,"{""wallstreetbets"":1}"
2026-09-29,KLAR,1,1,0,1,0,1,"{""wallstreetbets"":1}"
2026-09-29,KNDI,1,1,0,1,0,1,"{""pennystocks"":1}"
2026-09-29,KNRX,1,1,1,0,0,1,"{""pennystocks"":1}"
2026-09-29,KOD,1,1,0,1,0,1,"{""wallstreetbets"":1}"
2026-09-29,KOPN,1,1,0,1,0,1,"{""pennystocks"":1}"
2026-09-29,KORU,1,1,0,1,0,1,"{""wallstreetbets"":1}"
2026-09-29,KRMN,1,1,0,1,0,1,"{""wallstreetbets"":1}"
2026-09-29,KYC,1,1,1,0,0,1,"{""pennystocks"":1}"
2026-09-29,LMT,1,1,0,1,0,1,"{""wallstreetbets"":1}"
2026-09-29,LRCX,2,2,0,2,0,1,"{""wallstreetbets"":2}"
2026-09-29,LULU,6,3,0,6,0,1,"{""wallstreetbets"":6}"
2026-09-29,LUMN,2,2,0,2,0,1,"{""wallstreetbets"":2}"
2026-09-29,LUNR,2,2,0,2,0,1,"{""wallstreetbets"":2}"
2026-09-29,MARA,1,1,1,0,1,1,"{""pennystocks"":1}"
2026-09-29,MCD,13,12,1,12,0,1,"{""wallstreetbets"":13}"
2026-09-29,MCHP,1,1,0,1,0,1,"{""wallstreetbets"":1}"
2026-09-29,MDB,20,11,1,19,0,1,"{""wallstreetbets"":20}"
2026-09-29,MEDS,1,1,0,1,0,1,"{""pennystocks"":1}"
2026-09-29,MELI,3,1,2,1,0,1,"{""wallstreetbets"":3}"
2026-09-29,META,88,52,0,88,0,1,"{""wallstreetbets"":88}"
2026-09-29,MLPI,1,1,0,1,0,1,"{""pennystocks"":1}"
2026-09-29,MMA,1,1,0,1,0,1,"{""wallstreetbets"":1}"
2026-09-29,MOD,3,1,2,1,0,1,"{""wallstreetbets"":3}"
2026-09-29,MRNA,21,15,0,21,0,1,"{""wallstreetbets"":21}"
2026-09-29,MRVL,6,4,0,6,0,1,"{""wallstreetbets"":6}"
2026-09-29,MSFT,26,21,0,26,0,1,"{""wallstreetbets"":26}"
2026-09-29,MSGY,1,1,1,0,0,1,"{""smallstreetbets"":1}"
2026-09-29,MSTR,6,5,1,5,1,1,"{""pennystocks"":1,""wallstreetbets"":5}"
2026-09-29,MSTU,1,1,0,1,0,1,"{""wallstreetbets"":1}"
2026-09-29,MU,11,10,0,11,0,1,"{""wallstreetbets"":11}"
2026-09-29,MUU,9,5,0,9,0,1,"{""wallstreetbets"":9}"
2026-09-29,MX,4,2,0,4,0,1,"{""wallstreetbets"":4}"
2026-09-29,NAUT,1,1,0,1,0,1,"{""pennystocks"":1}"
2026-09-29,NBIS,38,28,2,36,1,1,"{""smallstreetbets"":1,""wallstreetbets"":37}"
2026-09-29,NBIZ,1,1,0,1,0,1,"{""wallstreetbets"":1}"
2026-09-29,NCI,1,1,0,1,0,1,"{""pennystocks"":1}"
2026-09-29,NCPL,2,2,0,2,0,1,"{""pennystocks"":2}"
2026-09-29,NFGC,1,1,0,1,0,1,"{""pennystocks"":1}"
2026-09-29,NFLX,28,22,0,28,0,1,"{""wallstreetbets"":28}"
2026-09-29,NIO,1,1,1,0,0,1,"{""pennystocks"":1}"
2026-09-29,NKE,17,13,0,17,0,1,"{""wallstreetbets"":17}"
2026-09-29,NOC,1,1,0,1,0,1,"{""wallstreetbets"":1}"
2026-09-29,NOK,1,1,0,1,0,1,"{""wallstreetbets"":1}"
2026-09-29,NPT,1,1,0,1,0,1,"{""wallstreetbets"":1}"
2026-09-29,NPV,1,1,1,0,0,1,"{""pennystocks"":1}"
2026-09-29,NVDA,83,58,0,83,0,1,"{""wallstreetbets"":83}"
2026-09-29,NVO,1,1,0,1,0,1,"{""wallstreetbets"":1}"
2026-09-29,NVTS,6,6,1,5,0,1,"{""smallstreetbets"":1,""wallstreetbets"":5}"
2026-09-29,OESX,1,1,0,1,0,1,"{""smallstreetbets"":1}"
2026-09-29,ONCO,1,1,0,1,0,1,"{""pennystocks"":1}"
2026-09-29,ONDS,3,3,0,3,0,1,"{""wallstreetbets"":3}"
2026-09-29,OPAL,1,1,0,1,0,1,"{""pennystocks"":1}"
2026-09-29,OPEN,2,2,0,2,0,1,"{""wallstreetbets"":2}"
2026-09-29,OPEX,1,1,0,1,0,1,"{""wallstreetbets"":1}"
2026-09-29,ORBS,1,1,0,1,0,1,"{""pennystocks"":1}"
2026-09-29,ORCL,40,32,1,39,0,1,"{""wallstreetbets"":40}"
2026-09-29,OURA,1,1,0,1,0,0,"{""wallstreetbets"":1}"
2026-09-29,OUST,1,1,0,1,0,1,"{""pennystocks"":1}"
2026-09-29,OWL,1,1,0,1,0,1,"{""wallstreetbets"":1}"
2026-09-29,OXY,1,1,0,1,0,1,"{""wallstreetbets"":1}"
2026-09-29,PANW,1,1,0,1,0,1,"{""wallstreetbets"":1}"
2026-09-29,PBK,1,1,0,1,0,1,"{""pennystocks"":1}"
2026-09-29,PBR,1,1,0,1,0,1,"{""wallstreetbets"":1}"
2026-09-29,PDP,1,1,1,0,1,1,"{""smallstreetbets"":1}"
2026-09-29,PDYN,2,1,0,2,0,1,"{""pennystocks"":1,""wallstreetbets"":1}"
2026-09-29,PLTR,22,20,2,20,0,1,"{""pennystocks"":1,""wallstreetbets"":21}"
2026-09-29,PM,1,1,0,1,0,1,"{""wallstreetbets"":1}"
2026-09-29,POLA,6,1,0,6,0,1,"{""pennystocks"":6}"
2026-09-29,POW,1,1,0,1,0,1,"{""wallstreetbets"":1}"
2026-09-29,PTON,3,1,0,3,0,1,"{""wallstreetbets"":3}"
2026-09-29,QBTS,1,1,0,1,0,1,"{""wallstreetbets"":1}"
2026-09-29,QCLS,1,1,1,0,0,1,"{""pennystocks"":1}"
2026-09-29,QCOM,1,1,0,1,0,1,"{""wallstreetbets"":1}"
2026-09-29,QMLS,1,1,0,1,0,1,"{""pennystocks"":1}"
2026-09-29,QNT,1,1,0,1,0,1,"{""wallstreetbets"":1}"
2026-09-29,QQQ,76,51,2,74,0,1,"{""wallstreetbets"":76}"
2026-09-29,QQQI,1,1,0,1,0,1,"{""wallstreetbets"":1}"
2026-09-29,QQQM,1,1,1,0,0,1,"{""wallstreetbets"":1}"
2026-09-29,QS,1,1,0,1,0,1,"{""wallstreetbets"":1}"
2026-09-29,QSI,1,1,0,1,0,1,"{""pennystocks"":1}"
2026-09-29,QURE,2,2,0,2,0,1,"{""wallstreetbets"":2}"
2026-09-29,QXO,2,2,0,2,0,1,"{""wallstreetbets"":2}"
2026-09-29,RARE,1,1,0,1,0,1,"{""wallstreetbets"":1}"
2026-09-29,RBLX,1,1,0,1,0,1,"{""wallstreetbets"":1}"
2026-09-29,RCAT,5,5,0,5,0,1,"{""wallstreetbets"":5}"
2026-09-29,RCL,2,2,0,2,0,1,"{""wallstreetbets"":2}"
2026-09-29,RDDT,45,38,3,42,0,1,"{""wallstreetbets"":45}"
2026-09-29,RDTL,1,1,0,1,0,1,"{""wallstreetbets"":1}"
2026-09-29,RENT,2,1,1,1,0,1,"{""wallstreetbets"":2}"
2026-09-29,RIG,1,1,0,1,0,1,"{""smallstreetbets"":1}"
2026-09-29,RIME,1,1,0,1,0,1,"{""pennystocks"":1}"
2026-09-29,RIOT,1,1,0,1,0,1,"{""wallstreetbets"":1}"
2026-09-29,RIVN,3,3,1,2,0,1,"{""wallstreetbets"":3}"
2026-09-29,RKDA,2,2,0,2,0,1,"{""pennystocks"":2}"
2026-09-29,RKLB,43,24,2,41,1,1,"{""smallstreetbets"":1,""wallstreetbets"":42}"
2026-09-29,RMBS,2,1,0,2,0,1,"{""wallstreetbets"":2}"
2026-09-29,ROP,1,1,0,1,0,1,"{""wallstreetbets"":1}"
2026-09-29,ROPE,1,1,0,1,0,1,"{""wallstreetbets"":1}"
2026-09-29,RPG,1,1,0,1,0,1,"{""wallstreetbets"":1}"
2026-09-29,RSP,1,1,0,1,0,1,"{""wallstreetbets"":1}"
2026-09-29,RUM,1,1,0,1,0,1,"{""wallstreetbets"":1}"
2026-09-29,RZLV,1,1,0,1,0,1,"{""pennystocks"":1}"
2026-09-29,SAP,1,1,0,1,0,1,"{""wallstreetbets"":1}"
2026-09-29,SATL,1,1,0,1,0,1,"{""pennystocks"":1}"
2026-09-29,SBET,1,1,0,1,0,1,"{""wallstreetbets"":1}"
2026-09-29,SBIT,9,8,0,9,0,1,"{""wallstreetbets"":9}"
2026-09-29,SCHD,1,1,0,1,0,1,"{""wallstreetbets"":1}"
2026-09-29,SCWO,1,1,0,1,0,1,"{""pennystocks"":1}"
2026-09-29,SDEV,8,5,0,8,0,1,"{""pennystocks"":7,""wallstreetbets"":1}"
2026-09-29,SGOV,8,7,0,8,0,1,"{""wallstreetbets"":8}"
2026-09-29,SI,2,1,0,2,0,1,"{""wallstreetbets"":2}"
2026-09-29,SKHY,9,6,1,8,0,1,"{""smallstreetbets"":1,""wallstreetbets"":8}"
2026-09-29,SKM,1,1,0,1,0,1,"{""wallstreetbets"":1}"
2026-09-29,SKYX,1,1,0,1,0,1,"{""pennystocks"":1}"
2026-09-29,SLND,13,9,1,12,0,1,"{""pennystocks"":12,""smallstreetbets"":1}"
2026-09-29,SLS,5,5,0,5,0,1,"{""pennystocks"":2,""wallstreetbets"":3}"
2026-09-29,SLV,2,1,0,2,0,1,"{""wallstreetbets"":2}"
2026-09-29,SLXN,3,2,1,2,0,1,"{""pennystocks"":3}"
2026-09-29,SMCI,6,4,0,6,0,1,"{""wallstreetbets"":6}"
2026-09-29,SMCZ,1,1,0,1,0,1,"{""wallstreetbets"":1}"
2026-09-29,SMMT,3,3,0,3,0,1,"{""wallstreetbets"":3}"
2026-09-29,SMOFF,1,1,1,0,0,0,"{""pennystocks"":1}"
2026-09-29,SNAP,1,1,1,0,0,1,"{""pennystocks"":1}"
2026-09-29,SNDK,44,27,1,43,0,1,"{""wallstreetbets"":44}"
2026-09-29,SNPS,1,1,0,1,0,1,"{""wallstreetbets"":1}"
2026-09-29,SNXX,1,1,0,1,0,1,"{""wallstreetbets"":1}"
2026-09-29,SOAR,12,7,0,12,0,1,"{""pennystocks"":12}"
2026-09-29,SOC,1,1,0,1,0,1,"{""wallstreetbets"":1}"
2026-09-29,SOFI,4,2,0,4,0,1,"{""wallstreetbets"":4}"
2026-09-29,SOXL,24,12,0,24,0,1,"{""wallstreetbets"":24}"
2026-09-29,SOXQ,1,1,0,1,0,1,"{""wallstreetbets"":1}"
2026-09-29,SOXS,8,5,0,8,0,1,"{""wallstreetbets"":8}"
2026-09-29,SPCX,55,44,1,54,0,1,"{""wallstreetbets"":55}"
2026-09-29,SPD,1,1,0,1,0,1,"{""wallstreetbets"":1}"
2026-09-29,SPGI,1,1,0,1,0,1,"{""wallstreetbets"":1}"
2026-09-29,SPH,1,1,0,1,0,1,"{""wallstreetbets"":1}"
2026-09-29,SPXL,1,1,0,1,0,1,"{""wallstreetbets"":1}"
2026-09-29,SPY,289,163,5,284,0,1,"{""smallstreetbets"":1,""wallstreetbets"":288}"
2026-09-29,SPYD,1,1,0,1,0,1,"{""wallstreetbets"":1}"
2026-09-29,SQQQ,2,2,0,2,0,1,"{""wallstreetbets"":2}"
2026-09-29,SRCGF,1,1,1,0,0,0,"{""pennystocks"":1}"
2026-09-29,SRFM,1,1,0,1,0,1,"{""wallstreetbets"":1}"
2026-09-29,SVRN,1,1,0,1,0,1,"{""pennystocks"":1}"
2026-09-29,SYM,1,1,0,1,0,1,"{""wallstreetbets"":1}"
2026-09-29,TBCH,1,1,1,0,1,1,"{""smallstreetbets"":1}"
2026-09-29,TBF,1,1,0,1,0,1,"{""wallstreetbets"":1}"
2026-09-29,TECL,2,1,0,2,0,1,"{""wallstreetbets"":2}"
2026-09-29,TLT,46,37,0,46,0,1,"{""wallstreetbets"":46}"
2026-09-29,TMF,5,5,0,5,0,1,"{""wallstreetbets"":5}"
2026-09-29,TNA,1,1,0,1,0,1,"{""wallstreetbets"":1}"
2026-09-29,TQQQ,5,4,1,4,0,1,"{""wallstreetbets"":5}"
2026-09-29,TSLA,67,36,3,64,2,1,"{""wallstreetbets"":67}"
2026-09-29,TSM,5,3,0,5,0,1,"{""smallstreetbets"":1,""wallstreetbets"":4}"
2026-09-29,TSXV:SHL,1,1,1,0,0,0,"{""pennystocks"":1}"
2026-09-29,TTAN,2,1,1,1,0,1,"{""smallstreetbets"":2}"
2026-09-29,TTD,3,3,0,3,0,1,"{""wallstreetbets"":3}"
2026-09-29,TTWO,11,5,2,9,0,1,"{""wallstreetbets"":11}"
2026-09-29,TURB,1,1,0,1,0,1,"{""pennystocks"":1}"
2026-09-29,TURF,1,1,0,1,0,1,"{""wallstreetbets"":1}"
2026-09-29,TVA,1,1,1,0,0,1,"{""pennystocks"":1}"
2026-09-29,TWG,1,1,0,1,0,1,"{""pennystocks"":1}"
2026-09-29,TXN,1,1,0,1,0,1,"{""wallstreetbets"":1}"
2026-09-29,UAMY,3,3,0,3,0,1,"{""pennystocks"":3}"
2026-09-29,UBER,13,13,1,12,0,1,"{""wallstreetbets"":13}"
2026-09-29,UEC,12,4,0,12,0,1,"{""wallstreetbets"":12}"
2026-09-29,UNH,2,2,0,2,0,1,"{""wallstreetbets"":2}"
2026-09-29,UPST,2,1,0,2,0,1,"{""wallstreetbets"":2}"
2026-09-29,URA,1,1,0,1,0,1,"{""wallstreetbets"":1}"
2026-09-29,USAR,6,6,0,6,0,1,"{""wallstreetbets"":6}"
2026-09-29,USG,1,1,0,1,0,1,"{""wallstreetbets"":1}"
2026-09-29,USO,16,14,2,14,0,1,"{""wallstreetbets"":16}"
2026-09-29,UUUU,1,1,0,1,0,1,"{""wallstreetbets"":1}"
2026-09-29,UWM,2,1,0,2,0,1,"{""wallstreetbets"":2}"
2026-09-29,VCX,2,2,0,2,0,1,"{""wallstreetbets"":2}"
2026-09-29,VGT,1,1,0,1,0,1,"{""wallstreetbets"":1}"
2026-09-29,VNDA,1,1,0,1,0,1,"{""pennystocks"":1}"
2026-09-29,VOO,15,15,1,14,0,1,"{""smallstreetbets"":1,""wallstreetbets"":14}"
2026-09-29,VOYG,2,1,0,2,0,1,"{""wallstreetbets"":2}"
2026-09-29,VRT,1,1,0,1,0,1,"{""wallstreetbets"":1}"
2026-09-29,VSS,1,1,0,1,0,1,"{""pennystocks"":1}"
2026-09-29,VST,8,5,0,8,0,1,"{""wallstreetbets"":8}"
2026-09-29,VTI,1,1,0,1,0,1,"{""wallstreetbets"":1}"
2026-09-29,VTV,1,1,0,1,0,1,"{""pennystocks"":1}"
2026-09-29,VXUS,1,1,0,1,0,1,"{""pennystocks"":1}"
2026-09-29,WDAY,1,1,0,1,0,1,"{""wallstreetbets"":1}"
2026-09-29,WDC,4,3,0,4,0,1,"{""wallstreetbets"":4}"
2026-09-29,WHR,2,2,1,1,0,1,"{""wallstreetbets"":2}"
2026-09-29,WIT,1,1,0,1,0,1,"{""wallstreetbets"":1}"
2026-09-29,WMT,1,1,0,1,0,1,"{""wallstreetbets"":1}"
2026-09-29,WOOF,1,1,0,1,0,1,"{""wallstreetbets"":1}"
2026-09-29,WRD,2,1,0,2,0,1,"{""wallstreetbets"":2}"
2026-09-29,WULF,2,2,0,2,0,1,"{""wallstreetbets"":2}"
2026-09-29,WYY,1,1,1,0,0,1,"{""pennystocks"":1}"
2026-09-29,XHLD,2,2,1,1,0,1,"{""pennystocks"":2}"
2026-09-29,XLE,2,2,0,2,0,1,"{""wallstreetbets"":2}"
2026-09-29,XLU,5,2,0,5,0,1,"{""wallstreetbets"":5}"
2026-09-29,XME,1,1,0,1,0,1,"{""wallstreetbets"":1}"
2026-09-29,XNDU,1,1,0,1,0,1,"{""wallstreetbets"":1}"
2026-09-29,XOM,2,2,0,2,0,1,"{""wallstreetbets"":2}"
2026-09-29,XOS,1,1,0,1,0,1,"{""wallstreetbets"":1}"
2026-09-29,YMT,8,6,2,6,0,1,"{""pennystocks"":7,""smallstreetbets"":1}"
2026-09-29,YUM,1,1,0,1,0,1,"{""wallstreetbets"":1}"
2026-09-29,ZENA,2,2,1,1,0,1,"{""pennystocks"":2}"
2026-09-29,ZEO,1,1,1,0,0,1,"{""pennystocks"":1}"
2026-09-30,AAOI,3,3,0,3,0,1,"{""wallstreetbets"":3}"
2026-09-30,AAPL,44,27,0,44,0,1,"{""wallstreetbets"":44}"
2026-09-30,ABCL,1,1,0,1,0,1,"{""wallstreetbets"":1}"
2026-09-30,ABTS,1,1,1,0,0,1,"{""pennystocks"":1}"
2026-09-30,ACCV,3,1,0,3,0,1,"{""wallstreetbets"":3}"
2026-09-30,ACHR,1,1,0,1,0,1,"{""wallstreetbets"":1}"
2026-09-30,ACN,6,4,0,6,0,1,"{""wallstreetbets"":6}"
2026-09-30,ACRV,1,1,1,0,0,1,"{""pennystocks"":1}"
2026-09-30,ADBE,1,1,0,1,0,1,"{""wallstreetbets"":1}"
2026-09-30,AEO,4,3,0,4,0,1,"{""wallstreetbets"":4}"
2026-09-30,AFRM,1,1,1,0,0,1,"{""wallstreetbets"":1}"
2026-09-30,AGNC,1,1,0,1,0,1,"{""wallstreetbets"":1}"
2026-09-30,AIG,1,1,0,1,0,1,"{""wallstreetbets"":1}"
2026-09-30,AIMD,1,1,1,0,0,1,"{""pennystocks"":1}"
2026-09-30,AIN,1,1,0,1,0,1,"{""wallstreetbets"":1}"
2026-09-30,AIS,1,1,0,1,0,1,"{""wallstreetbets"":1}"
2026-09-30,AKAM,1,1,0,1,0,1,"{""wallstreetbets"":1}"
2026-09-30,ALAB,1,1,0,1,0,1,"{""wallstreetbets"":1}"
2026-09-30,ALAR,4,3,0,4,0,1,"{""pennystocks"":4}"
2026-09-30,ALNY,3,1,0,3,0,1,"{""wallstreetbets"":3}"
2026-09-30,ALT,1,1,0,1,0,1,"{""wallstreetbets"":1}"
2026-09-30,AMAT,3,2,0,3,0,1,"{""pennystocks"":1,""wallstreetbets"":2}"
2026-09-30,AMC,2,2,1,1,0,1,"{""wallstreetbets"":2}"
2026-09-30,AMD,40,32,1,39,0,1,"{""pennystocks"":1,""smallstreetbets"":1,""wallstreetbets"":38}"
2026-09-30,AMPX,1,1,0,1,0,1,"{""wallstreetbets"":1}"
2026-09-30,AMZN,37,21,1,36,0,1,"{""wallstreetbets"":37}"
2026-09-30,ANET,1,1,0,1,0,1,"{""wallstreetbets"":1}"
2026-09-30,APES,1,1,0,1,1,0,"{""wallstreetbets"":1}"
2026-09-30,APLD,17,7,1,16,0,1,"{""wallstreetbets"":17}"
2026-09-30,APP,23,13,1,22,0,1,"{""wallstreetbets"":23}"
2026-09-30,APPX,2,1,0,2,0,1,"{""wallstreetbets"":2}"
2026-09-30,APT,1,1,0,1,0,1,"{""wallstreetbets"":1}"
2026-09-30,ARLP,4,2,2,2,0,1,"{""wallstreetbets"":4}"
2026-09-30,ARM,2,2,0,2,0,1,"{""wallstreetbets"":2}"
2026-09-30,ASTS,23,21,0,23,0,1,"{""wallstreetbets"":23}"
2026-09-30,AUR,6,5,0,6,0,1,"{""wallstreetbets"":6}"
2026-09-30,AVAV,4,2,0,4,0,1,"{""wallstreetbets"":4}"
2026-09-30,AVGO,18,15,0,18,0,1,"{""wallstreetbets"":18}"
2026-09-30,AXG,1,1,0,1,0,1,"{""pennystocks"":1}"
2026-09-30,AXTI,1,1,0,1,0,1,"{""wallstreetbets"":1}"
2026-09-30,BABA,1,1,0,1,0,1,"{""wallstreetbets"":1}"
2026-09-30,BAER,2,1,0,2,0,1,"{""wallstreetbets"":2}"
2026-09-30,BAM,1,1,0,1,0,1,"{""wallstreetbets"":1}"
2026-09-30,BARK,1,1,0,1,0,1,"{""wallstreetbets"":1}"
2026-09-30,BB,1,1,0,1,0,1,"{""wallstreetbets"":1}"
2026-09-30,BBLG,1,1,0,1,0,1,"{""pennystocks"":1}"
2026-09-30,BCRX,2,1,0,2,0,1,"{""wallstreetbets"":2}"
2026-09-30,BCTX,1,1,0,1,0,1,"{""pennystocks"":1}"
2026-09-30,BE,2,2,0,2,0,1,"{""wallstreetbets"":2}"
2026-09-30,BESS,1,1,1,0,0,1,"{""wallstreetbets"":1}"
2026-09-30,BIDU,1,1,0,1,0,1,"{""wallstreetbets"":1}"
2026-09-30,BKYI,6,2,0,6,0,1,"{""pennystocks"":6}"
2026-09-30,BLDP,1,1,0,1,0,1,"{""wallstreetbets"":1}"
2026-09-30,BLGO,3,1,1,2,1,0,"{""pennystocks"":3}"
2026-09-30,BMEA,1,1,0,1,0,1,"{""pennystocks"":1}"
2026-09-30,BND,1,1,0,1,0,1,"{""wallstreetbets"":1}"
2026-09-30,BOFA,1,1,0,1,0,0,"{""wallstreetbets"":1}"
2026-09-30,BRUN,1,1,0,1,0,1,"{""wallstreetbets"":1}"
2026-09-30,BTCH,1,1,0,1,0,0,"{""wallstreetbets"":1}"
2026-09-30,BULL,1,1,0,1,0,1,"{""wallstreetbets"":1}"
2026-09-30,BWET,5,4,0,5,0,1,"{""smallstreetbets"":1,""wallstreetbets"":4}"
2026-09-30,CAG,1,1,0,1,0,1,"{""wallstreetbets"":1}"
2026-09-30,CAPS,1,1,0,1,0,1,"{""pennystocks"":1}"
2026-09-30,CAVA,1,1,0,1,0,1,"{""wallstreetbets"":1}"
2026-09-30,CBRS,15,12,0,15,0,1,"{""wallstreetbets"":15}"
2026-09-30,CCL,4,4,0,4,0,1,"{""wallstreetbets"":4}"
2026-09-30,CEG,6,4,0,6,0,1,"{""wallstreetbets"":6}"
2026-09-30,CELH,5,2,0,5,0,1,"{""wallstreetbets"":5}"
2026-09-30,CHAD,1,1,0,1,0,1,"{""wallstreetbets"":1}"
2026-09-30,CHGA,3,3,0,3,0,1,"{""pennystocks"":2,""wallstreetbets"":1}"
2026-09-30,CHTR,1,1,0,1,0,1,"{""wallstreetbets"":1}"
2026-09-30,CIFR,8,2,0,8,0,1,"{""wallstreetbets"":8}"
2026-09-30,CLIR,1,1,0,1,0,1,"{""pennystocks"":1}"
2026-09-30,CLOV,1,1,0,1,0,1,"{""wallstreetbets"":1}"
2026-09-30,CLRO,1,1,0,1,0,1,"{""pennystocks"":1}"
2026-09-30,CLX,1,1,0,1,0,1,"{""wallstreetbets"":1}"
2026-09-30,CMCT,3,2,0,3,0,1,"{""pennystocks"":3}"
2026-09-30,CME,1,1,0,1,0,1,"{""wallstreetbets"":1}"
2026-09-30,CNTB,8,5,0,8,0,1,"{""pennystocks"":8}"
2026-09-30,COHR,2,1,0,2,0,1,"{""wallstreetbets"":2}"
2026-09-30,COHU,1,1,0,1,0,1,"{""wallstreetbets"":1}"
2026-09-30,COIN,3,3,0,3,0,1,"{""wallstreetbets"":3}"
2026-09-30,COSM,1,1,0,1,0,1,"{""pennystocks"":1}"
2026-09-30,CPA,1,1,0,1,0,1,"{""wallstreetbets"":1}"
2026-09-30,CRDO,4,4,0,4,0,1,"{""wallstreetbets"":4}"
2026-09-30,CRK,2,2,2,0,0,1,"{""wallstreetbets"":2}"
2026-09-30,CRL,1,1,1,0,0,1,"{""pennystocks"":1}"
2026-09-30,CRML,3,1,0,3,0,1,"{""wallstreetbets"":3}"
2026-09-30,CRSP,1,1,0,1,0,1,"{""wallstreetbets"":1}"
2026-09-30,CRWD,2,2,0,2,0,1,"{""wallstreetbets"":2}"
2026-09-30,CRWV,5,4,0,5,0,1,"{""wallstreetbets"":5}"
2026-09-30,CSV,1,1,0,1,0,1,"{""wallstreetbets"":1}"
2026-09-30,CTM,2,1,0,2,0,1,"{""pennystocks"":2}"
2026-09-30,CTNT,1,1,0,1,0,1,"{""pennystocks"":1}"
2026-09-30,CVE,1,1,0,1,0,1,"{""wallstreetbets"":1}"
2026-09-30,CVNA,1,1,0,1,0,1,"{""wallstreetbets"":1}"
2026-09-30,CXAI,1,1,0,1,0,1,"{""pennystocks"":1}"
2026-09-30,CYAB,1,1,1,0,0,1,"{""pennystocks"":1}"
2026-09-30,CYCU,1,1,0,1,0,1,"{""pennystocks"":1}"
2026-09-30,CYPH,1,1,0,1,0,1,"{""pennystocks"":1}"
2026-09-30,DAX,1,1,0,1,0,1,"{""wallstreetbets"":1}"
2026-09-30,DBGI,5,5,0,5,0,1,"{""pennystocks"":5}"
2026-09-30,DBMF,1,1,0,1,0,1,"{""wallstreetbets"":1}"
2026-09-30,DCX,1,1,0,1,0,1,"{""pennystocks"":1}"
2026-09-30,DDOG,1,1,0,1,0,1,"{""wallstreetbets"":1}"
2026-09-30,DEA,2,2,0,2,0,1,"{""wallstreetbets"":2}"
2026-09-30,DEEZ,1,1,0,1,0,0,"{""wallstreetbets"":1}"
2026-09-30,DELL,4,3,0,4,0,1,"{""wallstreetbets"":4}"
2026-09-30,DIA,2,2,0,2,0,1,"{""wallstreetbets"":2}"
2026-09-30,DIVS,1,1,0,1,0,1,"{""wallstreetbets"":1}"
2026-09-30,DKNG,2,2,0,2,0,1,"{""pennystocks"":1,""wallstreetbets"":1}"
2026-09-30,DLO,1,1,0,1,0,1,"{""wallstreetbets"":1}"
2026-09-30,DND,1,1,1,0,0,0,"{""pennystocks"":1}"
2026-09-30,DNN,1,1,0,1,0,1,"{""wallstreetbets"":1}"
2026-09-30,DPRO,1,1,0,1,0,1,"{""pennystocks"":1}"
2026-09-30,DRAM,2,2,0,2,0,1,"{""wallstreetbets"":2}"
2026-09-30,DUK,1,1,0,1,0,1,"{""wallstreetbets"":1}"
2026-09-30,ECG,2,2,0,2,0,1,"{""wallstreetbets"":2}"
2026-09-30,ECO,1,1,1,0,0,1,"{""pennystocks"":1}"
2026-09-30,EET,1,1,0,1,0,1,"{""wallstreetbets"":1}"
2026-09-30,EOSE,2,2,1,1,0,1,"{""wallstreetbets"":2}"
2026-09-30,EXP,1,1,1,0,0,1,"{""wallstreetbets"":1}"
2026-09-30,F,5,2,0,5,0,1,"{""wallstreetbets"":5}"
2026-09-30,FAS,1,1,0,1,0,1,"{""wallstreetbets"":1}"
2026-09-30,FCFS,1,1,1,0,0,1,"{""wallstreetbets"":1}"
2026-09-30,FDS,4,2,0,4,1,1,"{""wallstreetbets"":4}"
2026-09-30,FFAI,1,1,0,1,0,1,"{""pennystocks"":1}"
2026-09-30,FFR,1,1,0,1,0,1,"{""pennystocks"":1}"
2026-09-30,FFUT,1,1,0,1,0,1,"{""wallstreetbets"":1}"
2026-09-30,FIAT,1,1,0,1,0,1,"{""wallstreetbets"":1}"
2026-09-30,FICO,7,7,0,7,0,1,"{""wallstreetbets"":7}"
2026-09-30,FLNA,1,1,0,1,0,1,"{""pennystocks"":1}"
2026-09-30,FMC,1,1,0,1,0,1,"{""wallstreetbets"":1}"
2026-09-30,FNGR,3,3,1,2,0,1,"{""pennystocks"":3}"
2026-09-30,FPE,2,2,0,2,0,1,"{""wallstreetbets"":2}"
2026-09-30,FRVO,1,1,0,1,0,1,"{""wallstreetbets"":1}"
2026-09-30,GAYB,1,1,0,1,1,0,"{""wallstreetbets"":1}"
2026-09-30,GAYMF,1,1,0,1,0,0,"{""wallstreetbets"":1}"
2026-09-30,GCTS,1,1,0,1,0,1,"{""wallstreetbets"":1}"
2026-09-30,GENI,1,1,0,1,0,1,"{""wallstreetbets"":1}"
2026-09-30,GFS,1,1,0,1,0,1,"{""wallstreetbets"":1}"
2026-09-30,GGLL,3,2,0,3,0,1,"{""wallstreetbets"":3}"
2026-09-30,GLD,4,2,0,4,0,1,"{""wallstreetbets"":4}"
2026-09-30,GLND,3,3,0,3,0,1,"{""pennystocks"":1,""wallstreetbets"":2}"
2026-09-30,GME,3,3,1,2,0,1,"{""smallstreetbets"":2,""wallstreetbets"":1}"
2026-09-30,GMEX,1,1,0,1,0,1,"{""wallstreetbets"":1}"
2026-09-30,GNS,2,2,1,1,0,1,"{""smallstreetbets"":1,""wallstreetbets"":1}"
2026-09-30,GOOD,1,1,0,1,0,1,"{""wallstreetbets"":1}"
2026-09-30,GOOG,70,44,0,70,1,1,"{""wallstreetbets"":70}"
2026-09-30,GOOGL,51,35,0,51,0,1,"{""wallstreetbets"":51}"
2026-09-30,GOOL,1,1,0,1,0,1,"{""wallstreetbets"":1}"
2026-09-30,GOW,1,1,0,1,0,1,"{""wallstreetbets"":1}"
2026-09-30,GRAL,1,1,0,1,0,1,"{""wallstreetbets"":1}"
2026-09-30,GRND,1,1,0,1,0,1,"{""wallstreetbets"":1}"
2026-09-30,GUH,1,1,0,1,1,0,"{""wallstreetbets"":1}"
2026-09-30,HAWK,1,1,0,1,0,1,"{""wallstreetbets"":1}"
2026-09-30,HBAN,1,1,0,1,0,1,"{""wallstreetbets"":1}"
2026-09-30,HELP,1,1,0,1,0,1,"{""wallstreetbets"":1}"
2026-09-30,HIMS,8,4,0,8,0,1,"{""wallstreetbets"":8}"
2026-09-30,HIT,1,1,0,1,0,1,"{""wallstreetbets"":1}"
2026-09-30,HMR,1,1,1,0,0,1,"{""pennystocks"":1}"
2026-09-30,HON,1,1,0,1,0,1,"{""wallstreetbets"":1}"
2026-09-30,HOOD,54,34,3,51,0,1,"{""wallstreetbets"":54}"
2026-09-30,HPE,7,5,0,7,0,1,"{""wallstreetbets"":7}"
2026-09-30,HSY,2,1,0,2,0,1,"{""wallstreetbets"":2}"
2026-09-30,HUT,5,2,0,5,0,1,"{""wallstreetbets"":5}"
2026-09-30,IAI,1,1,0,1,0,1,"{""wallstreetbets"":1}"
2026-09-30,IBKR,7,5,1,6,0,1,"{""wallstreetbets"":7}"
2026-09-30,IBM,3,3,0,3,0,1,"{""wallstreetbets"":3}"
2026-09-30,IBRX,8,4,0,8,0,1,"{""wallstreetbets"":8}"
2026-09-30,IEF,1,1,0,1,0,1,"{""wallstreetbets"":1}"
2026-09-30,IMA,1,1,0,1,0,1,"{""wallstreetbets"":1}"
2026-09-30,INDV,2,1,0,2,0,1,"{""wallstreetbets"":2}"
2026-09-30,INFQ,1,1,0,1,0,1,"{""wallstreetbets"":1}"
2026-09-30,INTC,34,20,0,34,0,1,"{""wallstreetbets"":34}"
2026-09-30,INTL,1,1,0,1,0,1,"{""wallstreetbets"":1}"
2026-09-30,IONQ,4,4,0,4,0,1,"{""wallstreetbets"":4}"
2026-09-30,IOVA,7,6,0,7,0,1,"{""wallstreetbets"":7}"
2026-09-30,IPST,4,1,0,4,0,1,"{""pennystocks"":4}"
2026-09-30,IREN,1,1,0,1,0,1,"{""wallstreetbets"":1}"
2026-09-30,ITT,2,2,0,2,0,1,"{""wallstreetbets"":2}"
2026-09-30,IWM,11,8,0,11,0,1,"{""wallstreetbets"":11}"
2026-09-30,IWMI,1,1,0,1,0,1,"{""pennystocks"":1}"
2026-09-30,JBL,7,3,0,7,0,1,"{""wallstreetbets"":7}"
2026-09-30,JEPQ,1,1,0,1,0,1,"{""wallstreetbets"":1}"
2026-09-30,JMKE,3,1,0,3,0,1,"{""wallstreetbets"":3}"
2026-09-30,JPM,9,8,1,8,0,1,"{""wallstreetbets"":9}"
2026-09-30,KALA,9,6,0,9,0,1,"{""pennystocks"":9}"
2026-09-30,KDK,2,2,0,2,0,1,"{""wallstreetbets"":2}"
2026-09-30,KEEL,3,3,0,3,0,1,"{""wallstreetbets"":3}"
2026-09-30,KLAC,1,1,0,1,0,1,"{""wallstreetbets"":1}"
2026-09-30,KLAR,4,4,1,3,0,1,"{""wallstreetbets"":4}"
2026-09-30,KOD,1,1,0,1,0,1,"{""wallstreetbets"":1}"
2026-09-30,KORU,5,1,0,5,0,1,"{""wallstreetbets"":5}"
2026-09-30,KULR,1,1,0,1,0,1,"{""pennystocks"":1}"
2026-09-30,KWEB,1,1,0,1,0,1,"{""wallstreetbets"":1}"
2026-09-30,LCID,1,1,0,1,0,1,"{""wallstreetbets"":1}"
2026-09-30,LDI,1,1,1,0,0,1,"{""wallstreetbets"":1}"
2026-09-30,LENZ,1,1,0,1,0,1,"{""wallstreetbets"":1}"
2026-09-30,LGHL,3,2,0,3,0,1,"{""pennystocks"":3}"
2026-09-30,LITE,2,2,0,2,0,1,"{""wallstreetbets"":2}"
2026-09-30,LLY,3,2,0,3,0,1,"{""wallstreetbets"":3}"
2026-09-30,LMT,2,2,0,2,0,1,"{""wallstreetbets"":2}"
2026-09-30,LPA,1,1,0,1,0,1,"{""pennystocks"":1}"
2026-09-30,LRCX,1,1,0,1,0,1,"{""wallstreetbets"":1}"
2026-09-30,LULU,7,4,1,6,0,1,"{""wallstreetbets"":7}"
2026-09-30,LUNR,4,4,0,4,0,1,"{""wallstreetbets"":4}"
2026-09-30,LYFT,1,1,0,1,0,1,"{""wallstreetbets"":1}"
2026-09-30,MAGS,1,1,0,1,0,1,"{""wallstreetbets"":1}"
2026-09-30,MAT,1,1,1,0,0,1,"{""wallstreetbets"":1}"
2026-09-30,MCD,20,18,1,19,0,1,"{""wallstreetbets"":20}"
2026-09-30,MDB,2,2,0,2,0,1,"{""wallstreetbets"":2}"
2026-09-30,META,58,46,0,58,0,1,"{""smallstreetbets"":4,""wallstreetbets"":54}"
2026-09-30,MGY,1,1,0,1,0,1,"{""wallstreetbets"":1}"
2026-09-30,MIC,2,2,0,2,0,1,"{""wallstreetbets"":2}"
2026-09-30,MKC,3,3,0,3,0,1,"{""wallstreetbets"":3}"
2026-09-30,MLPI,1,1,0,1,0,1,"{""pennystocks"":1}"
2026-09-30,MMA,1,1,0,1,0,1,"{""wallstreetbets"":1}"
2026-09-30,MNST,1,1,0,1,0,1,"{""wallstreetbets"":1}"
2026-09-30,MOO,1,1,0,1,0,1,"{""wallstreetbets"":1}"
2026-09-30,MRLN,1,1,0,1,0,1,"{""wallstreetbets"":1}"
2026-09-30,MRNA,13,8,0,13,0,1,"{""wallstreetbets"":13}"
2026-09-30,MRVL,10,7,0,10,0,1,"{""wallstreetbets"":10}"
2026-09-30,MSFT,19,15,0,19,0,1,"{""pennystocks"":1,""wallstreetbets"":18}"
2026-09-30,MSGY,2,1,0,2,0,1,"{""pennystocks"":2}"
2026-09-30,MSOS,3,3,1,2,0,1,"{""wallstreetbets"":3}"
2026-09-30,MSTR,6,5,0,6,0,1,"{""wallstreetbets"":6}"
2026-09-30,MTB,1,1,0,1,0,1,"{""wallstreetbets"":1}"
2026-09-30,MTSI,1,1,0,1,0,1,"{""wallstreetbets"":1}"
2026-09-30,MU,38,23,1,37,0,1,"{""wallstreetbets"":38}"
2026-09-30,MULL,4,3,0,4,0,1,"{""wallstreetbets"":4}"
2026-09-30,MUU,37,25,0,37,0,1,"{""wallstreetbets"":37}"
2026-09-30,MUZ,9,5,0,9,0,1,"{""wallstreetbets"":9}"
2026-09-30,NAMM,12,6,0,12,0,1,"{""pennystocks"":12}"
2026-09-30,NBIS,31,16,0,31,0,1,"{""wallstreetbets"":31}"
2026-09-30,NBIZ,1,1,0,1,0,1,"{""wallstreetbets"":1}"
2026-09-30,NCI,1,1,0,1,0,1,"{""pennystocks"":1}"
2026-09-30,NCLH,1,1,0,1,0,1,"{""wallstreetbets"":1}"
2026-09-30,NEO:AI,1,1,0,1,0,0,"{""wallstreetbets"":1}"
2026-09-30,NFLX,5,4,0,5,0,1,"{""wallstreetbets"":5}"
2026-09-30,NIVF,8,6,0,8,0,1,"{""pennystocks"":7,""wallstreetbets"":1}"
2026-09-30,NKE,20,16,0,20,0,1,"{""wallstreetbets"":20}"
2026-09-30,NKLR,1,1,0,1,0,1,"{""wallstreetbets"":1}"
2026-09-30,NOC,1,1,0,1,0,1,"{""wallstreetbets"":1}"
2026-09-30,NOK,1,1,0,1,0,1,"{""wallstreetbets"":1}"
2026-09-30,NRXP,1,1,1,0,0,1,"{""pennystocks"":1}"
2026-09-30,NTLA,3,1,0,3,0,1,"{""wallstreetbets"":3}"
2026-09-30,NTRA,1,1,0,1,0,1,"{""wallstreetbets"":1}"
2026-09-30,NUAI,9,7,2,7,0,1,"{""wallstreetbets"":9}"
2026-09-30,NVDA,79,61,0,79,0,1,"{""pennystocks"":1,""wallstreetbets"":78}"
2026-09-30,NYT,1,1,0,1,0,1,"{""wallstreetbets"":1}"
2026-09-30,OKLO,2,2,0,2,0,1,"{""wallstreetbets"":2}"
2026-09-30,OMDA,1,1,0,1,0,1,"{""wallstreetbets"":1}"
2026-09-30,ONDS,2,2,0,2,0,1,"{""wallstreetbets"":2}"
2026-09-30,OPEN,1,1,0,1,0,1,"{""pennystocks"":1}"
2026-09-30,ORBS,1,1,0,1,0,1,"{""pennystocks"":1}"
2026-09-30,ORCL,6,6,0,6,0,1,"{""wallstreetbets"":6}"
2026-09-30,OXY,1,1,0,1,0,1,"{""wallstreetbets"":1}"
2026-09-30,PACB,1,1,0,1,0,1,"{""wallstreetbets"":1}"
2026-09-30,PANW,2,1,0,2,0,1,"{""wallstreetbets"":2}"
2026-09-30,PBK,4,2,0,4,0,1,"{""pennystocks"":4}"
2026-09-30,PBR,1,1,0,1,0,1,"{""wallstreetbets"":1}"
2026-09-30,PCE,1,1,0,1,0,0,"{""wallstreetbets"":1}"
2026-09-30,PCI,2,2,0,2,0,1,"{""wallstreetbets"":2}"
2026-09-30,PCT,1,1,0,1,0,1,"{""wallstreetbets"":1}"
2026-09-30,PEP,2,2,0,2,0,1,"{""wallstreetbets"":2}"
2026-09-30,PFE,1,1,0,1,0,1,"{""wallstreetbets"":1}"
2026-09-30,PGY,1,1,0,1,0,1,"{""wallstreetbets"":1}"
2026-09-30,PHI,1,1,0,1,0,1,"{""wallstreetbets"":1}"
2026-09-30,PII,1,1,0,1,0,1,"{""wallstreetbets"":1}"
2026-09-30,PKB,2,1,0,2,0,1,"{""pennystocks"":2}"
2026-09-30,PLTR,15,13,0,15,1,1,"{""wallstreetbets"":15}"
2026-09-30,PMI,1,1,0,1,0,1,"{""wallstreetbets"":1}"
2026-09-30,POOR,1,1,0,1,0,0,"{""wallstreetbets"":1}"
2026-09-30,POW,1,1,0,1,0,1,"{""wallstreetbets"":1}"
2026-09-30,PPBT,1,1,0,1,0,1,"{""pennystocks"":1}"
2026-09-30,PRAX,1,1,0,1,0,1,"{""wallstreetbets"":1}"
2026-09-30,PRGS,1,1,0,1,0,1,"{""wallstreetbets"":1}"
2026-09-30,PURR,1,1,0,1,0,1,"{""wallstreetbets"":1}"
2026-09-30,PYPL,1,1,0,1,0,1,"{""wallstreetbets"":1}"
2026-09-30,QCLS,1,1,1,0,0,1,"{""pennystocks"":1}"
2026-09-30,QCOM,1,1,0,1,0,1,"{""wallstreetbets"":1}"
2026-09-30,QHBX,1,1,1,0,0,0,"{""pennystocks"":1}"
2026-09-30,QQQ,97,57,2,95,0,1,"{""wallstreetbets"":97}"
2026-09-30,QURE,1,1,0,1,0,1,"{""wallstreetbets"":1}"
2026-09-30,QXO,4,1,0,4,0,1,"{""wallstreetbets"":4}"
2026-09-30,RCAT,3,3,0,3,0,1,"{""wallstreetbets"":3}"
2026-09-30,RDDT,34,24,0,34,0,1,"{""wallstreetbets"":34}"
2026-09-30,RETO,1,1,0,1,0,1,"{""pennystocks"":1}"
2026-09-30,RGTI,1,1,0,1,0,1,"{""wallstreetbets"":1}"
2026-09-30,RIOT,1,1,0,1,0,1,"{""wallstreetbets"":1}"
2026-09-30,RIVN,5,1,0,5,0,1,"{""wallstreetbets"":5}"
2026-09-30,RKLB,31,22,0,31,0,1,"{""wallstreetbets"":31}"
2026-09-30,RMBS,1,1,0,1,0,1,"{""wallstreetbets"":1}"
2026-09-30,ROPE,3,3,0,3,1,1,"{""wallstreetbets"":3}"
2026-09-30,RSKD,1,1,0,1,0,1,"{""wallstreetbets"":1}"
2026-09-30,RSP,4,4,0,4,0,1,"{""wallstreetbets"":4}"
2026-09-30,RUM,2,1,0,2,0,1,"{""wallstreetbets"":2}"
2026-09-30,RUT,1,1,0,1,0,0,"{""wallstreetbets"":1}"
2026-09-30,RVII,1,1,0,1,0,1,"{""wallstreetbets"":1}"
2026-09-30,RXRX,1,1,0,1,0,1,"{""wallstreetbets"":1}"
2026-09-30,RYET,1,1,1,0,0,1,"{""smallstreetbets"":1}"
2026-09-30,RZLV,4,3,1,3,0,1,"{""pennystocks"":4}"
2026-09-30,SAH,1,1,0,1,0,1,"{""wallstreetbets"":1}"
2026-09-30,SATL,3,2,0,3,0,1,"{""wallstreetbets"":3}"
2026-09-30,SBIT,3,3,0,3,0,1,"{""wallstreetbets"":3}"
2026-09-30,SCA,1,1,0,1,0,1,"{""wallstreetbets"":1}"
2026-09-30,SCHD,6,5,0,6,0,1,"{""wallstreetbets"":6}"
2026-09-30,SCO,1,1,0,1,0,1,"{""wallstreetbets"":1}"
2026-09-30,SEZL,2,2,1,1,0,1,"{""wallstreetbets"":2}"
2026-09-30,SGOV,5,5,0,5,0,1,"{""wallstreetbets"":5}"
2026-09-30,SHILL,1,1,1,0,0,0,"{""wallstreetbets"":1}"
2026-09-30,SI,2,2,1,1,0,1,"{""wallstreetbets"":2}"
2026-09-30,SKHY,5,5,0,5,1,1,"{""wallstreetbets"":5}"
2026-09-30,SKUU,1,1,0,1,0,1,"{""wallstreetbets"":1}"
2026-09-30,SKYX,2,1,1,1,0,1,"{""pennystocks"":2}"
2026-09-30,SLMT,1,1,1,0,0,1,"{""wallstreetbets"":1}"
2026-09-30,SLND,6,4,0,6,0,1,"{""pennystocks"":6}"
2026-09-30,SLS,10,8,0,10,0,1,"{""wallstreetbets"":10}"
2026-09-30,SLV,3,3,0,3,0,1,"{""wallstreetbets"":3}"
2026-09-30,SMCI,14,6,0,14,0,1,"{""wallstreetbets"":14}"
2026-09-30,SMCZ,1,1,0,1,0,1,"{""wallstreetbets"":1}"
2026-09-30,SND,1,1,0,1,0,1,"{""wallstreetbets"":1}"
2026-09-30,SNDK,49,32,0,49,0,1,"{""wallstreetbets"":49}"
2026-09-30,SOAR,6,5,1,5,0,1,"{""pennystocks"":6}"
2026-09-30,SOFI,12,9,0,12,0,1,"{""wallstreetbets"":12}"
2026-09-30,SOUN,1,1,0,1,0,1,"{""smallstreetbets"":1}"
2026-09-30,SOXL,15,9,0,15,0,1,"{""wallstreetbets"":15}"
2026-09-30,SOXS,9,4,0,9,0,1,"{""wallstreetbets"":9}"
2026-09-30,SOXX,1,1,0,1,0,1,"{""wallstreetbets"":1}"
2026-09-30,SPCX,27,21,0,27,1,1,"{""wallstreetbets"":27}"
2026-09-30,SPGI,1,1,0,1,0,1,"{""wallstreetbets"":1}"
2026-09-30,SPMO,1,1,0,1,0,1,"{""wallstreetbets"":1}"
2026-09-30,SPXL,1,1,0,1,0,1,"{""wallstreetbets"":1}"
2026-09-30,SPY,266,160,1,265,0,1,"{""wallstreetbets"":266}"
2026-09-30,SRFM,1,1,0,1,0,1,"{""wallstreetbets"":1}"
2026-09-30,SRS,2,2,0,2,0,1,"{""wallstreetbets"":2}"
2026-09-30,STIM,1,1,0,1,0,1,"{""wallstreetbets"":1}"
2026-09-30,STUB,1,1,0,1,0,1,"{""wallstreetbets"":1}"
2026-09-30,STX,3,2,0,3,0,1,"{""wallstreetbets"":3}"
2026-09-30,SUGP,1,1,0,1,0,1,"{""pennystocks"":1}"
2026-09-30,SVRN,1,1,0,1,0,1,"{""pennystocks"":1}"
2026-09-30,TAK,1,1,0,1,0,1,"{""wallstreetbets"":1}"
2026-09-30,TGE,12,6,0,12,0,1,"{""pennystocks"":12}"
2026-09-30,TGTX,1,1,0,1,0,1,"{""wallstreetbets"":1}"
2026-09-30,THC,1,1,0,1,0,1,"{""wallstreetbets"":1}"
2026-09-30,TJX,1,1,0,1,0,1,"{""wallstreetbets"":1}"
2026-09-30,TLRY,1,1,0,1,0,1,"{""wallstreetbets"":1}"
2026-09-30,TLT,37,34,0,37,0,1,"{""wallstreetbets"":37}"
2026-09-30,TLTW,1,1,0,1,0,1,"{""wallstreetbets"":1}"
2026-09-30,TMS,1,1,1,0,0,1,"{""pennystocks"":1}"
2026-09-30,TMV,1,1,0,1,0,1,"{""wallstreetbets"":1}"
2026-09-30,TNDI,1,1,0,1,1,0,"{""wallstreetbets"":1}"
2026-09-30,TNON,1,1,0,1,0,1,"{""pennystocks"":1}"
2026-09-30,TNYA,1,1,1,0,0,1,"{""pennystocks"":1}"
2026-09-30,TOK,1,1,0,1,0,1,"{""wallstreetbets"":1}"
2026-09-30,TQQQ,2,2,1,1,0,1,"{""wallstreetbets"":2}"
2026-09-30,TRLV,1,1,0,1,0,1,"{""wallstreetbets"":1}"
2026-09-30,TSLA,83,38,1,82,0,1,"{""wallstreetbets"":83}"
2026-09-30,TSLL,1,1,0,1,0,1,"{""wallstreetbets"":1}"
2026-09-30,TSM,7,6,0,7,0,1,"{""pennystocks"":1,""wallstreetbets"":6}"
2026-09-30,TSSI,1,1,0,1,0,1,"{""wallstreetbets"":1}"
2026-09-30,TTAN,1,1,0,1,0,1,"{""wallstreetbets"":1}"
2026-09-30,TTD,3,3,0,3,0,1,"{""wallstreetbets"":3}"
2026-09-30,TTWO,5,4,1,4,0,1,"{""wallstreetbets"":5}"
2026-09-30,TURB,4,1,0,4,0,1,"{""pennystocks"":2,""wallstreetbets"":2}"
2026-09-30,TWG,1,1,0,1,0,1,"{""pennystocks"":1}"
2026-09-30,UBER,1,1,0,1,0,1,"{""wallstreetbets"":1}"
2026-09-30,UBS,2,1,0,2,0,1,"{""wallstreetbets"":2}"
2026-09-30,UEC,2,2,0,2,0,1,"{""wallstreetbets"":2}"
2026-09-30,UMAC,1,1,0,1,0,1,"{""wallstreetbets"":1}"
2026-09-30,UNFI,1,1,1,0,0,1,"{""pennystocks"":1}"
2026-09-30,UNH,2,2,0,2,0,1,"{""wallstreetbets"":2}"
2026-09-30,UNP,1,1,0,1,0,1,"{""wallstreetbets"":1}"
2026-09-30,UPST,1,1,0,1,0,1,"{""wallstreetbets"":1}"
2026-09-30,USAR,1,1,0,1,0,1,"{""wallstreetbets"":1}"
2026-09-30,USB,1,1,0,1,0,1,"{""wallstreetbets"":1}"
2026-09-30,USDE,1,1,0,1,0,1,"{""pennystocks"":1}"
2026-09-30,USFR,2,2,0,2,0,1,"{""wallstreetbets"":2}"
2026-09-30,USO,9,7,0,9,0,1,"{""wallstreetbets"":9}"
2026-09-30,UUUU,2,2,0,2,0,1,"{""wallstreetbets"":2}"
2026-09-30,UVIX,2,1,0,2,0,1,"{""wallstreetbets"":2}"
2026-09-30,UWMC,1,1,0,1,0,1,"{""wallstreetbets"":1}"
2026-09-30,V,1,1,0,1,0,1,"{""wallstreetbets"":1}"
2026-09-30,VBIO,14,4,0,14,0,1,"{""pennystocks"":14}"
2026-09-30,VEU,1,1,0,1,0,1,"{""wallstreetbets"":1}"
2026-09-30,VGT,2,2,0,2,0,1,"{""wallstreetbets"":2}"
2026-09-30,VICR,1,1,0,1,0,1,"{""wallstreetbets"":1}"
2026-09-30,VIP,1,1,0,1,0,1,"{""wallstreetbets"":1}"
2026-09-30,VIXY,1,1,0,1,0,1,"{""wallstreetbets"":1}"
2026-09-30,VOO,11,11,0,11,0,1,"{""wallstreetbets"":11}"
2026-09-30,VRRM,2,1,0,2,0,1,"{""pennystocks"":1,""wallstreetbets"":1}"
2026-09-30,VRT,1,1,0,1,0,1,"{""wallstreetbets"":1}"
2026-09-30,VSH,1,1,0,1,0,1,"{""wallstreetbets"":1}"
2026-09-30,VST,5,4,0,5,0,1,"{""wallstreetbets"":5}"
2026-09-30,VTI,2,2,0,2,0,1,"{""wallstreetbets"":2}"
2026-09-30,VVOS,1,1,1,0,0,1,"{""pennystocks"":1}"
2026-09-30,WDC,6,5,0,6,0,1,"{""wallstreetbets"":6}"
2026-09-30,WEN,2,2,0,2,1,1,"{""wallstreetbets"":2}"
2026-09-30,WHK,7,2,2,5,0,1,"{""wallstreetbets"":7}"
2026-09-30,WMT,4,3,0,4,0,1,"{""wallstreetbets"":4}"
2026-09-30,WOOF,1,1,0,1,0,1,"{""wallstreetbets"":1}"
2026-09-30,WYY,1,1,0,1,0,1,"{""pennystocks"":1}"
2026-09-30,XLF,2,2,0,2,0,1,"{""wallstreetbets"":2}"
2026-09-30,XSP,1,1,0,1,0,0,"{""wallstreetbets"":1}"
2026-09-30,YFOR,2,2,0,2,0,1,"{""pennystocks"":2}"
2026-09-30,YMT,12,4,0,12,0,1,"{""pennystocks"":12}"
2026-09-30,YOLO,1,1,0,1,1,1,"{""wallstreetbets"":1}"
2026-09-30,Z,1,1,0,1,0,1,"{""wallstreetbets"":1}"
2026-09-30,ZETA,4,2,0,4,0,1,"{""wallstreetbets"":4}"
2026-09-30,ZURA,1,1,0,1,0,1,"{""pennystocks"":1}"
