collected_at,rank,symbol,title,exchange,watchlist_count,is_crypto
1791153677.4023921,1,BTC.X,Bitcoin,CRYPTO,682853,1
1791153677.4023921,2,ARM,Arm Holdings Plc.,NASDAQ,33850,0
1791153677.4023921,3,AMZN,Amazon.com Inc,NASDAQ,705624,0
1791153677.4023921,4,CRM,Salesforce Inc,NYSE,71412,0
1791153677.4023921,5,SNOW,Snowflake Inc,NYSE,58744,0
1791153677.4023921,6,QCOM,"Qualcomm, Inc.",NASDAQ,78076,0
1791153677.4023921,7,IBRX,ImmunityBio Inc,NASDAQ,30957,0
1791153677.4023921,8,NOW,ServiceNow Inc,NYSE,44423,0
1791153677.4023921,9,DOGE.X,Dogecoin,CRYPTO,351955,1
1791153677.4023921,10,SHIB.X,Shiba Inu,CRYPTO,189779,1
1791153677.4023921,11,HPE,Hewlett Packard Enterprise Co,NYSE,13735,0
1791153677.4023921,12,WDC,Western Digital Corp.,NASDAQ,21754,0
1791153677.4023921,13,ADA.X,Cardano,CRYPTO,131552,1
1791153677.4023921,14,BONK.X,BONK,CRYPTO,15363,1
1791153677.4023921,15,MSTR,Strategy,NASDAQ,83433,0
1791153677.4023921,16,ASST,Strive Inc.,NASDAQ,20099,0
1791153677.4023921,17,HNT.X,Helium,CRYPTO,5953,1
1791153677.4023921,18,STRK.X,Starknet,CRYPTO,1106,1
1791153677.4023921,19,BTC,Grayscale Bitcoin Mini Trust ETF,NYSEArca,4791,0
1791153677.4023921,20,FRVO,Fervo Energy Co,NASDAQ,1834,0
1791153677.4023921,21,ETH.X,Ethereum,CRYPTO,339053,1
1791153677.4023921,22,WOLF,Wolfspeed Inc,NYSE,20152,0
1791153677.4023921,23,SOL.X,Solana,CRYPTO,84031,1
1791153677.4023921,24,RKLB,Rocket Lab USA Inc,NASDAQ,68718,0
1791153677.4023921,25,UAL,United Airlines Holdings Inc,NASDAQ,39874,0
1791153677.4023921,26,AMD,Advanced Micro Devices Inc,NASDAQ,565555,0
1791153677.4023921,27,IBM,International Business Machines Corp.,NYSE,69541,0
1791153677.4023921,28,LEU,Centrus Energy Corp ,NYSEMkt,8854,0
1791153677.4023921,29,FLUT,Flutter Entertainment Plc,NYSE,2065,0
1791153677.4023921,30,HYPE.X,Hype,CRYPTO,3800,1
1791154905.6618698,1,BTC.X,Bitcoin,CRYPTO,682855,1
1791154905.6618698,2,MSTR,Strategy,NASDAQ,83433,0
1791154905.6618698,3,BONK.X,BONK,CRYPTO,15363,1
1791154905.6618698,4,SNOW,Snowflake Inc,NYSE,58744,0
1791154905.6618698,5,CRM,Salesforce Inc,NYSE,71412,0
1791154905.6618698,6,WOLF,Wolfspeed Inc,NYSE,20153,0
1791154905.6618698,7,WDC,Western Digital Corp.,NASDAQ,21755,0
1791154905.6618698,8,ARM,Arm Holdings Plc.,NASDAQ,33852,0
1791154905.6618698,9,HPE,Hewlett Packard Enterprise Co,NYSE,13736,0
1791154905.6618698,10,NOW,ServiceNow Inc,NYSE,44423,0
1791154905.6618698,11,ASST,Strive Inc.,NASDAQ,20099,0
1791154905.6618698,12,IBRX,ImmunityBio Inc,NASDAQ,30957,0
1791154905.6618698,13,SHIB.X,Shiba Inu,CRYPTO,189780,1
1791154905.6618698,14,BTC,Grayscale Bitcoin Mini Trust ETF,NYSEArca,4791,0
1791154905.6618698,15,STX,Seagate Technology Holdings Plc,NASDAQ,14299,0
1791154905.6618698,16,ETH.X,Ethereum,CRYPTO,339053,1
1791154905.6618698,17,UAL,United Airlines Holdings Inc,NASDAQ,39874,0
1791154905.6618698,18,SKR.X,Seeker,CRYPTO,473,1
1791154905.6618698,19,IBIT,iShares Bitcoin Trust ETF,NASDAQ,20533,0
1791154905.6618698,20,DOGE.X,Dogecoin,CRYPTO,351955,1
1791154905.6618698,21,ADA.X,Cardano,CRYPTO,131553,1
1791154905.6618698,22,TSM,Taiwan Semiconductor Manufacturing - ADR,NYSE,69975,0
1791154905.6618698,23,QQQ,Invesco QQQ Trust Series 1,NASDAQ,280520,0
1791154905.6618698,24,FLUT,Flutter Entertainment Plc,NYSE,2065,0
1791154905.6618698,25,TTD,Trade Desk Inc,NASDAQ,49316,0
1791154905.6618698,26,SPY,SPDR S&P 500 ETF Trust,NYSEArca,638308,0
1791154905.6618698,27,SOL.X,Solana,CRYPTO,84032,1
1791154905.6618698,28,HYPE.X,Hype,CRYPTO,3800,1
1791154905.6618698,29,SOXX,iShares Semiconductor ETF,NASDAQ,11060,0
1791154905.6618698,30,WRD,WeRide Inc. - ADR,NASDAQ,4490,0
