name,title,subscribers,source,added_at,status,checked_at,last_post_id,last_post_at,last_countdown_at,posts,announcements,calls
AltTheWay,Alt the Way,630,seed: La Morgia; PumpSense,2026-10-07T13:54:29Z,active,2026-10-07T15:00:56Z,11275,2026-08-22T12:38:35+00:00,2022-03-13T16:00:01Z,500,33,70
backstreetbets,Crypto Signals | Pump Alerts,625,seed: PumpSense links,2026-10-07T13:54:29Z,dead,2026-10-07T13:54:29Z,14445,2025-02-19T00:35:38+00:00,,480,0,36
bigpumpsignal,Big Pump Signal,3.61K,seed: La Morgia; Nghiem,2026-10-07T13:54:29Z,dead,2026-10-07T13:54:29Z,1091,2025-12-19T23:18:53+00:00,,3,0,0
BinanceProfitSignal,Binance Profit Signal,126,seed: Nghiem,2026-10-07T13:54:29Z,dead,2026-10-07T13:54:29Z,1703,2022-04-15T02:35:45+00:00,,499,0,97
bitcoinpumpgroup,Bitcoin Pump Group,17.9K,seed: Nghiem; most linked in PumpSense,2026-10-07T13:54:29Z,active,2026-10-07T15:00:56Z,48583,2026-07-24T21:18:43+00:00,,500,0,342
coincoachsignals,𝑪𝒐𝒊𝒏|𝑪𝒐𝒂𝒄𝒉|𝑺𝒊𝒈𝒏𝒂𝒍𝒔,17.2K,seed: most linked in PumpSense,2026-10-07T13:54:29Z,active,2026-10-07T15:00:56Z,39400,2026-10-07T14:40:23+00:00,,497,0,228
crypto_pump_island,,,seed: Nghiem (no preview on 2026-10-07),2026-10-07T13:54:29Z,no_preview,2026-10-07T13:54:29Z,,,,0,0,0
crypto_pumps_events_signals,Crypto Pumps Drunk,5.64K,seed: web search 2026-10-07,2026-10-07T13:54:29Z,dead,2026-10-07T13:54:29Z,11359,2025-03-31T10:00:45+00:00,2025-03-30T15:58:02Z,455,35,0
CryptoCoinsCoach,Coach,23.1K,seed: La Morgia,2026-10-07T13:54:29Z,active,2026-10-07T15:00:56Z,13288,2026-10-06T22:24:57+00:00,,461,0,20
CryptoFamilyPumps,2018,602,seed: Nghiem,2026-10-07T13:54:29Z,dead,2026-10-07T13:54:29Z,1214,2021-12-09T18:31:43+00:00,2019-02-21T19:50:19Z,500,1,0
cryptoflashsignals,Crypto Pump Squad,378,seed: La Morgia,2026-10-07T13:54:29Z,dead,2026-10-07T13:54:29Z,10159,2022-01-15T17:20:43+00:00,2022-01-15T16:58:00Z,500,21,1
cryptogurusignal,𝘾𝙧𝙮𝙥𝙩𝙤 𝙂𝙪𝙧𝙪®,1.27K,seed: Nghiem; PumpSense links,2026-10-07T13:54:29Z,active,2026-10-07T15:00:56Z,18577,2026-10-07T14:41:14+00:00,,499,0,203
cryptoninjacoach,𝘾𝙧𝙮𝙥𝙩𝙤 𝙉𝙞𝙣𝙟𝙖 𝘾𝙤𝙖𝙘𝙝™,362,seed: PumpSense links,2026-10-07T13:54:29Z,active,2026-10-07T15:00:56Z,3763,2026-08-09T18:19:43+00:00,,500,0,359
cryptoprofitcoach,Crypto Profit Coach™,26.6K,seed: Nghiem,2026-10-07T13:54:29Z,active,2026-10-07T15:00:56Z,9213,2026-09-25T05:36:26+00:00,,500,0,285
cryptotree7,Results,3,seed: Nghiem,2026-10-07T13:54:29Z,dead,2026-10-07T13:54:29Z,19254,2024-05-16T05:22:55+00:00,2024-04-13T17:51:09Z,12,0,0
kucoin_crypto_pumps_trading,Kucoin Crypto Pumps Trading,27.4K,link from mexc_pumpsignal,2026-10-07T13:54:29Z,active,2026-10-07T15:00:56Z,1178,2026-09-30T12:58:08+00:00,2025-01-31T16:54:56Z,492,18,3
kucoin_pump_group,Kucoin Pump Group,8.86K,seed: web search 2026-10-07,2026-10-07T13:54:29Z,active,2026-10-07T15:00:56Z,916,2026-10-05T07:11:31+00:00,2025-04-13T15:54:10Z,144,0,5
mega_cryptoo,Mega Crypto World,3.16K,seed: PumpSense links,2026-10-07T13:54:29Z,dead,2026-10-07T13:54:29Z,9210,2024-12-31T14:35:28+00:00,,497,0,2
mega_pump_group,Mega Signals Group,31.6K,seed: La Morgia groups.csv; Nghiem table A.3,2026-10-07T13:54:29Z,active,2026-10-07T15:00:56Z,2236,2026-10-05T07:11:29+00:00,2025-04-05T16:01:06Z,500,1,8
megasignalscrypto,Mega Signals,8.54K,link from kucoin_pump_group,2026-10-07T13:54:29Z,active,2026-10-07T15:00:56Z,440,2026-10-05T07:11:51+00:00,,349,0,28
mexc_pumpsignal,Mexc Pump Signal,37.7K,seed: web search 2026-10-07,2026-10-07T13:54:29Z,dead,2026-10-07T13:54:29Z,905,2025-01-05T17:00:47+00:00,2025-01-05T16:50:47Z,335,12,1
mexcpumpcoins,Crypto Hidden Gems Finder,11.6K,seed: web search 2026-10-07 (posted pumps in 2026),2026-10-07T13:54:29Z,active,2026-10-07T15:00:56Z,8179,2026-10-02T17:00:45+00:00,2026-10-02T16:55:09Z,499,30,3
pumpcasa,,,seed: PumpSense links (no preview on 2026-10-07),2026-10-07T13:54:29Z,no_preview,2026-10-07T13:54:29Z,,,,0,0,0
TCGFORYOU,Trading Crypto Guide ™,74.2K,seed: La Morgia,2026-10-07T13:54:29Z,active,2026-10-07T15:00:56Z,35014,2026-10-07T12:30:52+00:00,,500,0,18
tradingcryptocoach,,,seed: La Morgia; Nghiem (no preview on 2026-10-07),2026-10-07T13:54:29Z,no_preview,2026-10-07T13:54:29Z,,,,0,0,0
Whalesguide,Whales Crypto Guide,195K,seed: La Morgia; Nghiem,2026-10-07T13:54:29Z,active,2026-10-07T15:00:56Z,19509,2026-10-06T18:33:10+00:00,,498,0,243
wolfposting,Krypto Hub,1.04K,seed: Nghiem,2026-10-07T13:54:29Z,dead,2026-10-07T13:54:29Z,3265,2021-08-23T08:23:28+00:00,,12,0,0
