snap_key,episode_id,ticker,role,phase,flag_at,flag_at_utc,window_start_utc,window_end_utc,collected_at,collected_at_utc,lag_s,st_n,st_authors,st_top_author_share,st_new_acct_share,st_median_followers,st_bull_share,st_dup_share,st_n_72h,st_n_after_flag,st_fetched,st_truncated,bsky_n,bsky_authors,bsky_top_author_share,bsky_new_acct_share,bsky_median_followers,bsky_bull_share,bsky_dup_share,bsky_n_72h,bsky_n_after_flag,bsky_fetched,bsky_truncated,x_n,x_authors,x_top_author_share,x_new_acct_share,x_median_followers,x_bull_share,x_dup_share,x_n_72h,x_n_after_flag,x_fetched,x_truncated,errors,social_version
BULL-20261007T120818Z_BULL_flag,BULL-20261007T120818Z,BULL,candidate,flag,1791374898.446,2026-10-07T12:08:18Z,2026-10-06T12:08:18Z,2026-10-07T12:08:18Z,1791375253.213,2026-10-07T12:14:13Z,355,254,166,0.0315,0.0276,80.5,0.5476,0.0787,254,46,300,1,2,2,0.5,0.0,,,0.0,2,0,2,0,,,,,,,,,,,,bluesky: HTTP 403: <html><body><h1>403 Forbidden</h1> Request forbidden by administrative rules. </body></html>,social-v1
SOXS-20261007T120818Z_SOXS_flag,SOXS-20261007T120818Z,SOXS,candidate,flag,1791374898.446,2026-10-07T12:08:18Z,2026-10-06T12:08:18Z,2026-10-07T12:08:18Z,1791375258.371,2026-10-07T12:14:18Z,360,79,55,0.0759,0.0253,80,0.7941,0.1139,154,0,154,0,0,,,,,,,2,0,2,0,,,,,,,,,,,,,social-v1
BULL-20261007T120818Z_LUXE_flag,BULL-20261007T120818Z,LUXE,control,flag,1791374898.446,2026-10-07T12:08:18Z,2026-10-06T12:08:18Z,2026-10-07T12:08:18Z,1791375261.239,2026-10-07T12:14:21Z,363,0,,,,,,,0,0,0,0,1,1,1.0,0.0,,,0.0,1,0,1,0,,,,,,,,,,,,bluesky: HTTP 403: <html><body><h1>403 Forbidden</h1> Request forbidden by administrative rules. </body></html>,social-v1
BULL-20261007T120818Z_MLCO_flag,BULL-20261007T120818Z,MLCO,control,flag,1791374898.446,2026-10-07T12:08:18Z,2026-10-06T12:08:18Z,2026-10-07T12:08:18Z,1791375262.115,2026-10-07T12:14:22Z,364,0,,,,,,,0,0,0,0,0,,,,,,,0,0,0,0,,,,,,,,,,,,,social-v1
SOXS-20261007T120818Z_NSLRL_flag,SOXS-20261007T120818Z,NSLRL,control,flag,1791374898.446,2026-10-07T12:08:18Z,2026-10-06T12:08:18Z,2026-10-07T12:08:18Z,1791375262.639,2026-10-07T12:14:22Z,364,0,,,,,,,0,0,0,0,0,,,,,,,0,0,0,0,,,,,,,,,,,,not on StockTwits,social-v1
SOXS-20261007T120818Z_UFCS_flag,SOXS-20261007T120818Z,UFCS,control,flag,1791374898.446,2026-10-07T12:08:18Z,2026-10-06T12:08:18Z,2026-10-07T12:08:18Z,1791375263.123,2026-10-07T12:14:23Z,365,0,,,,,,,0,0,0,0,0,,,,,,,0,0,0,0,,,,,,,,,,,,,social-v1
SNDK-20261007T100925Z_SNDK_flag,SNDK-20261007T100925Z,SNDK,candidate,flag,1791367765.924,2026-10-07T10:09:25Z,2026-10-06T10:09:25Z,2026-10-07T10:09:25Z,1791375263.621,2026-10-07T12:14:23Z,7498,283,125,0.1731,0.2191,31,0.656,0.0565,283,17,300,1,9,4,0.6667,0.1111,,,0.0,23,2,25,0,,,,,,,,,,,,,social-v1
SNDK-20261007T100925Z_PH_flag,SNDK-20261007T100925Z,PH,control,flag,1791367765.924,2026-10-07T10:09:25Z,2026-10-06T10:09:25Z,2026-10-07T10:09:25Z,1791375268.456,2026-10-07T12:14:28Z,7503,0,,,,,,,1,0,1,0,0,,,,,,,0,0,0,0,,,,,,,,,,,,bluesky: HTTP 403: <html><body><h1>403 Forbidden</h1> Request forbidden by administrative rules. </body></html>,social-v1
SNDK-20261007T100925Z_NEU_flag,SNDK-20261007T100925Z,NEU,control,flag,1791367765.924,2026-10-07T10:09:25Z,2026-10-06T10:09:25Z,2026-10-07T10:09:25Z,1791375269.312,2026-10-07T12:14:29Z,7503,0,,,,,,,0,0,0,0,0,,,,,,,0,0,0,0,,,,,,,,,,,,bluesky: HTTP 403: <html><body><h1>403 Forbidden</h1> Request forbidden by administrative rules. </body></html>,social-v1
CRWD-20261006T235945Z_CRWD_flag,CRWD-20261006T235945Z,CRWD,candidate,flag,1791331185.932,2026-10-06T23:59:45Z,2026-10-05T23:59:45Z,2026-10-06T23:59:45Z,1791375270.312,2026-10-07T12:14:30Z,44084,120,76,0.1,0.0417,69.0,0.64,0.0333,175,15,190,0,10,9,0.2,0.2,,,0.0,12,1,13,0,,,,,,,,,,,,,social-v1
CRWD-20261006T235945Z_MS_flag,CRWD-20261006T235945Z,MS,control,flag,1791331185.932,2026-10-06T23:59:45Z,2026-10-05T23:59:45Z,2026-10-06T23:59:45Z,1791375273.657,2026-10-07T12:14:33Z,44088,14,8,0.3571,0.0714,298.5,1.0,0.0,22,0,22,0,0,,,,,,,0,0,0,0,,,,,,,,,,,,bluesky: HTTP 403: <html><body><h1>403 Forbidden</h1> Request forbidden by administrative rules. </body></html>,social-v1
CRWD-20261006T235945Z_ADI_flag,CRWD-20261006T235945Z,ADI,control,flag,1791331185.932,2026-10-06T23:59:45Z,2026-10-05T23:59:45Z,2026-10-06T23:59:45Z,1791375274.617,2026-10-07T12:14:34Z,44089,1,1,1.0,0.0,708,,0.0,2,0,2,0,0,,,,,,,0,1,1,0,,,,,,,,,,,,bluesky: HTTP 403: <html><body><h1>403 Forbidden</h1> Request forbidden by administrative rules. </body></html>,social-v1
AVGO-20261006T193424Z_AVGO_flag,AVGO-20261006T193424Z,AVGO,candidate,flag,1791315264.43,2026-10-06T19:34:24Z,2026-10-05T19:34:24Z,2026-10-06T19:34:24Z,1791375275.617,2026-10-07T12:14:35Z,60011,234,123,0.1068,0.0684,91.0,0.9231,0.1197,234,66,300,1,15,14,0.1333,0.3333,,,0.0,21,6,27,0,,,,,,,,,,,,,social-v1
AVGO-20261006T193424Z_HUBB_flag,AVGO-20261006T193424Z,HUBB,control,flag,1791315264.43,2026-10-06T19:34:24Z,2026-10-05T19:34:24Z,2026-10-06T19:34:24Z,1791375280.342,2026-10-07T12:14:40Z,60016,0,,,,,,,0,0,0,0,0,,,,,,,0,0,0,0,,,,,,,,,,,,,social-v1
AVGO-20261006T193424Z_SLAB_flag,AVGO-20261006T193424Z,SLAB,control,flag,1791315264.43,2026-10-06T19:34:24Z,2026-10-05T19:34:24Z,2026-10-06T19:34:24Z,1791375280.815,2026-10-07T12:14:40Z,60016,0,,,,,,,0,0,0,0,0,,,,,,,0,0,0,0,,,,,,,,,,,,bluesky: HTTP 403: <html><body><h1>403 Forbidden</h1> Request forbidden by administrative rules. </body></html>,social-v1
SKHY-20261006T185459Z_SKHY_flag,SKHY-20261006T185459Z,SKHY,candidate,flag,1791312899.398,2026-10-06T18:54:59Z,2026-10-05T18:54:59Z,2026-10-06T18:54:59Z,1791375281.855,2026-10-07T12:14:41Z,62382,75,49,0.0933,0.0,45,0.96,0.0533,120,68,188,0,4,3,0.5,0.25,,,0.0,6,1,7,0,,,,,,,,,,,,,social-v1
SKHY-20261006T185459Z_OPY_flag,SKHY-20261006T185459Z,OPY,control,flag,1791312899.398,2026-10-06T18:54:59Z,2026-10-05T18:54:59Z,2026-10-06T18:54:59Z,1791375285.195,2026-10-07T12:14:45Z,62386,0,,,,,,,0,0,0,0,0,,,,,,,0,0,0,0,,,,,,,,,,,,,social-v1
SKHY-20261006T185459Z_WDFC_flag,SKHY-20261006T185459Z,WDFC,control,flag,1791312899.398,2026-10-06T18:54:59Z,2026-10-05T18:54:59Z,2026-10-06T18:54:59Z,1791375285.911,2026-10-07T12:14:45Z,62387,0,,,,,,,0,0,0,0,0,,,,,,,0,0,0,0,,,,,,,,,,,,,social-v1
INTC-20261006T182821Z_INTC_flag,INTC-20261006T182821Z,INTC,candidate,flag,1791311301.353,2026-10-06T18:28:21Z,2026-10-05T18:28:21Z,2026-10-06T18:28:21Z,1791375286.403,2026-10-07T12:14:46Z,63985,12,11,0.1667,0.0833,156.5,1.0,0.0,12,288,300,1,14,12,0.2143,0.1429,,,0.0,33,12,45,0,,,,,,,,,,,,,social-v1
INTC-20261006T182821Z_BANF_flag,INTC-20261006T182821Z,BANF,control,flag,1791311301.353,2026-10-06T18:28:21Z,2026-10-05T18:28:21Z,2026-10-06T18:28:21Z,1791375291.169,2026-10-07T12:14:51Z,63990,0,,,,,,,0,0,0,0,0,,,,,,,0,0,0,0,,,,,,,,,,,,,social-v1
INTC-20261006T182821Z_HLI_flag,INTC-20261006T182821Z,HLI,control,flag,1791311301.353,2026-10-06T18:28:21Z,2026-10-05T18:28:21Z,2026-10-06T18:28:21Z,1791375291.67,2026-10-07T12:14:51Z,63990,0,,,,,,,0,0,0,0,1,1,1.0,0.0,,,0.0,2,0,2,0,,,,,,,,,,,,,social-v1
OKLO-20261006T181453Z_OKLO_flag,OKLO-20261006T181453Z,OKLO,candidate,flag,1791310493.759,2026-10-06T18:14:53Z,2026-10-05T18:14:53Z,2026-10-06T18:14:53Z,1791375292.164,2026-10-07T12:14:52Z,64798,95,56,0.0737,0.0316,162,0.9348,0.0526,132,27,159,0,6,1,1.0,0.0,,,0.5,8,4,12,0,,,,,,,,,,,,,social-v1
